Message Body,Teks_Bersih,Label
Oke bg,oke bg,setuju
Bg berapa kemarin harganya ya,bg berapa kemarin harganya ya,setuju
Okey bg,okey bg,setuju
Tutup jam brp bg,tutup jam brp bg,umum_teknis
Okey bg bntr lagi saya kesana,okey bg bntr lagi saya kesana,setuju
Saya otw kesana bg,saya otw kesana bg,setuju
misa bg sya kemarin servis leptop ditempat abg atas nama maya leptop ya nd mau hidup lgi,misa bg sya kemarin servis leptop ditempat abg atas nama maya leptop ya nd mau hidup lgi,setuju
abg buka nd yah hari ini saya antar leptop lgi,abg buka nd yah hari ini saya antar leptop lgi,setuju
oke nnti saya bawa,oke nnti saya bawa,setuju
bg mau tanya leptop nya udh betul belum,bg mau tanya leptop nya udh betul belum,tanya_status
oke bg,oke bg,setuju
besok sya ambil yah bg,besok sya ambil yah bg,setuju
bg ad biaya tambahan gk,bg ad biaya tambahan gk,setuju
oke bg,oke bg,setuju
bg besok yk sye ambil nd sempat hri ni,bg besok yk sye ambil nd sempat hri ni,setuju
min adakah ready laptop yang budgetnye 4-5 jutaan,min adakah ready laptop yang budgetnye 45 jutaan,setuju
Ok,ok,setuju
Oke bang,oke bang,setuju
"Pagi min, mau tanya kalau service laptop rusak lcd nya berapa ya biayanya?",pagi min mau tanya kalau service laptop rusak lcd nya berapa ya biayanya,setuju
Okeey min,okeey min,setuju
"Abis file kuliah saye, emg nd bise benar k bg, nanti sye bayar",abis file kuliah saye emg nd bise benar k bg nanti sye bayar,setuju
File kuliah tk bg kayak pdf ape tu😫😭,file kuliah tk bg kayak pdf ape tu,setuju
Yallah e,yallah e,setuju
Saye nd tau ape2 saye barok balek kampong,saye nd tau ape2 saye barok balek kampong,setuju
macbook bisa min?,macbook bisa min,setuju
oalahh oke deh min,oalahh oke deh min,setuju
"Anda belum memiliki aplikasi myIM3 untuk mengaktifkan perlindungan Anti Spam dan Scam dari SATSPAM+. Harap mendownload aplikasi myIM3 untuk mengaktifkan layanan, tanpa biaya apapun.",anda belum memiliki aplikasi myim3 untuk mengaktifkan perlindungan anti spam dan scam dari satspam harap mendownload aplikasi myim3 untuk mengaktifkan layanan tanpa biaya apapun,tanya_status
"🔄 *Pesan pengingat agar nomormu aman*

Pastikan pulsa kamu selalu cukup untuk tetap menikmati koneksi IM3. Informasi dan layanan isi ulang pulsa dapat diakses langsung lewat IM3 WhatsApp.

Klik *Isi Pulsa* untuk melanjutkan.",pesan pengingat agar nomormu aman pastikan pulsa kamu selalu cukup untuk tetap menikmati koneksi im3 informasi dan layanan isi ulang pulsa dapat diakses langsung lewat im3 whatsapp klik isi pulsa untuk melanjutkan,setuju
"🔄 *Pesan pengingat agar nomormu aman*

Pastikan pulsa kamu selalu cukup untuk tetap menikmati koneksi IM3. Informasi dan layanan isi ulang pulsa dapat diakses langsung lewat IM3 WhatsApp.

Klik *Isi Pulsa* untuk melanjutkan.",pesan pengingat agar nomormu aman pastikan pulsa kamu selalu cukup untuk tetap menikmati koneksi im3 informasi dan layanan isi ulang pulsa dapat diakses langsung lewat im3 whatsapp klik isi pulsa untuk melanjutkan,setuju
Iya bg,iya bg,setuju
oke kak terimakasi,oke kak terimakasi,setuju
okey bang terimakasih,okey bang terimakasih,setuju
mau coba nanya dulu,mau coba nanya dulu,setuju
"kira kira kalo saya mau jual macbook pro 2017 touchbar 15"", dapat di berapa ya?",kira kira kalo saya mau jual macbook pro 2017 touchbar 15 dapat di berapa ya,setuju
"minus hanya shadow tipis pink, dan port hanya bisa 1 untuk charging, port lain pemindahan data",minus hanya shadow tipis pink dan port hanya bisa 1 untuk charging port lain pemindahan data,setuju
lagi berhalangan untuk datang ke tokonsoalnya 🙏🏾,lagi berhalangan untuk datang ke tokonsoalnya,setuju
"oke kak, thankyou",oke kak thankyou,setuju
besok ya bg sepulang kuliah,besok ya bg sepulang kuliah,setuju
kalau boleh tau buka dri jam brp bg?,kalau boleh tau buka dri jam brp bg,umum_teknis
Oke bg,oke bg,setuju
Udah bisa di ambil kah bg laptop nya?,udah bisa di ambil kah bg laptop nya,setuju
Ok bng,ok bng,setuju
Jam berape bise ddi ambek,jam berape bise ddi ambek,umum_teknis
"Coba di instalkan windows 11 dulu bang, soalnya kata pemilik sebelumnya, sebelum dia reset ke windows 10 tu ga ada masalah",coba di instalkan windows 11 dulu bang soalnya kata pemilik sebelumnya sebelum dia reset ke windows 10 tu ga ada masalah,tanya_status
Bang kalau memang processor yang rusak bisa di betulkan kah bang? Berape la kalau betulkan Nye tu ye,bang kalau memang processor yang rusak bisa di betulkan kah bang berape la kalau betulkan nye tu ye,setuju
Pas Abang cek SSD nya dak Ade masalah ke bang kemarin,pas abang cek ssd nya dak ade masalah ke bang kemarin,setuju
kamek sie dolok jak bentar lagi bang,kamek sie dolok jak bentar lagi bang,setuju
tahan jak lok bang,tahan jak lok bang,setuju
Sian harapan ke dah ratinye selaing ganti masen,sian harapan ke dah ratinye selaing ganti masen,umum_teknis
"Maaf Sya Mau Tanya,,",maaf sya mau tanya,setuju
Ram nya Cuma 2,ram nya cuma 2,setuju
"Oh Iya Bang,,",oh iya bang,setuju
Ada mines nya gak bang,ada mines nya gak bang,setuju
Oke bang hari ni saya datang ke store,oke bang hari ni saya datang ke store,setuju
"Permisi bang,ni laptop sinyal nya lemot,trs wifi nya sering tersambung ulang,sering disconnect, padahall wifi saya pake di hp lancar""aja ntar sore bisa kah bang saya bawa laptop nya di sana,buat di seting""biar gak lemot Singal nya",permisi bangni laptop sinyal nya lemottrs wifi nya sering tersambung ulangsering disconnect padahall wifi saya pake di hp lancaraja ntar sore bisa kah bang saya bawa laptop nya di sanabuat di setingbiar gak lemot singal nya,setuju
Oke bang ntar sore saya ke sana,oke bang ntar sore saya ke sana,setuju
Toko nya tutup jam brp an bang,toko nya tutup jam brp an bang,setuju
saya mau jual laptop,saya mau jual laptop,setuju
okey kak,okey kak,setuju
Asus Vivobook A416JA terima jual brp kk?,asus vivobook a416ja terima jual brp kk,setuju
Selamat siang bg izin bertanya apakah laptop yang harganya 2 juta masih ada,selamat siang bg izin bertanya apakah laptop yang harganya 2 juta masih ada,setuju
Yg ini berharga bg,yg ini berharga bg,umum_teknis
Baiklah bg nanti kalau jd saya infokn,baiklah bg nanti kalau jd saya infokn,setuju
Saya mau cari yg 2 juta,saya mau cari yg 2 juta,setuju
Info aja bg kalau ada laptop yg harga 2 juta ya,info aja bg kalau ada laptop yg harga 2 juta ya,setuju
Ok bg nanti saya infokn lagi ya,ok bg nanti saya infokn lagi ya,setuju
https://vt.tiktok.com/ZS5so4Nkx/,httpsvttiktokcomzs5so4nkx,setuju
Oo iya permisi ya bang kalau hari ini mungkin saya blm bisa ngambil soalnya lagi pergi ngk di pontianak,oo iya permisi ya bang kalau hari ini mungkin saya blm bisa ngambil soalnya lagi pergi ngk di pontianak,setuju
Mungkin besok baru saya bisa ambil🙏🙏,mungkin besok baru saya bisa ambil,setuju
Permisi bang maaf sebelum nya itu kalau misal nya saya blm bisa ambil sekarang ngk papa bang hujan soalnya🙏🙏,permisi bang maaf sebelum nya itu kalau misal nya saya blm bisa ambil sekarang ngk papa bang hujan soalnya,tanya_status
Tapi saya usahain malam ini kalau bs,tapi saya usahain malam ini kalau bs,setuju
Oky makasih bang ya,oky makasih bang ya,setuju
"siang bang, mau tanya untuk laptop ultrabook yang 2jtaan ada ga bang",siang bang mau tanya untuk laptop ultrabook yang 2jtaan ada ga bang,setuju
saya mau jual ssd,saya mau jual ssd,setuju
oke min,oke min,setuju
Baik bang saya teruskan dulu k abg saya yaa,baik bang saya teruskan dulu k abg saya yaa,setuju
Itu termasuk yang bermasalah pas mau di hidup kan itu kah bang?,itu termasuk yang bermasalah pas mau di hidup kan itu kah bang,setuju
Bang perbaikannya ada garansi engak kata abng saya,bang perbaikannya ada garansi engak kata abng saya,setuju
Oke bang lanjut perbaiki,oke bang lanjut perbaiki,setuju
Intinya leptop tu bang yang bermasalah awalnya cuma mau ngidupin nya jak sulit kadang langusng hidup kadang harus di buka tutup-buka tutup dulu baru hidup kata abng saya,intinya leptop tu bang yang bermasalah awalnya cuma mau ngidupin nya jak sulit kadang langusng hidup kadang harus di buka tutupbuka tutup dulu baru hidup kata abng saya,setuju
Ooo gitu oke lah bang,ooo gitu oke lah bang,setuju
"Bang izin bertanya kira"" Kapan selesai nya yaa?",bang izin bertanya kira kapan selesai nya yaa,tanya_status
Soalnya Senin pagi mau di pake 😅,soalnya senin pagi mau di pake,setuju
Bang besok dah bisa di ambil engak? 🙏,bang besok dah bisa di ambil engak,setuju
Gimana bang belum bisa kah?,gimana bang belum bisa kah,tanya_status
Baik bang saya otw sekarang,baik bang saya otw sekarang,setuju
Bang untuk pembayaran nya bisa tf engak?,bang untuk pembayaran nya bisa tf engak,setuju
Ok bg,ok bg,setuju
"boleh bang di betulkan aja, prosesnya cepat ga ya kira’?",boleh bang di betulkan aja prosesnya cepat ga ya kira,setuju
"rabu udah bisa betul blm bang, soalnya saya mau uts sorenya pake laptop",rabu udah bisa betul blm bang soalnya saya mau uts sorenya pake laptop,setuju
okee bang,okee bang,setuju
oke bang,oke bang,setuju
file nya ga ilang kan bang?,file nya ga ilang kan bang,setuju
nanti malam saya ambil,nanti malam saya ambil,setuju
oke,oke,setuju
saya ambil besok ya bang,saya ambil besok ya bang,setuju
malam ini saya ambil ya bg laptopnya,malam ini saya ambil ya bg laptopnya,setuju
tutup jam brp bg?,tutup jam brp bg,umum_teknis
"Terima kasih telah menghubungi kami dengan Ade Saputra Perumahan, membantu masyarakat untuk memiliki perumahan yang di inginkan ya.",terima kasih telah menghubungi kami dengan ade saputra perumahan membantu masyarakat untuk memiliki perumahan yang di inginkan ya,setuju
Oke baik Laksanakan,oke baik laksanakan,setuju
Soalnya Kalu sore ini masih ad kegiatan,soalnya kalu sore ini masih ad kegiatan,setuju
Oh oke siap laksanakan.,oh oke siap laksanakan,setuju
Insyaallah malm sy ambil nya bang,insyaallah malm sy ambil nya bang,setuju
Assalamualaikum warahmatullahi wabarokatuh,assalamualaikum warahmatullahi wabarokatuh,setuju
Izin bang mau follow up leptop saya bang atas nama Ade Saputra,izin bang mau follow up leptop saya bang atas nama ade saputra,setuju
Oke bang,oke bang,setuju
"Selamat malam bang maaf sblmnya menganggu, saya mau nanya nih kenapa ya smart gesture scroll 2 fingers d laptop saya jd nda berfungsi ya semenjak di install ulang kemarin, awalnya saya pikir karena laptop saya belum tersambung k internet makanya ada instalan ny blm selesai, tapi setelah kemarin tersambung k internet dan saya cb² lihat di laman pengaturan nya ttp nda bisa berfungsi itu kenapa ya?",selamat malam bang maaf sblmnya menganggu saya mau nanya nih kenapa ya smart gesture scroll 2 fingers d laptop saya jd nda berfungsi ya semenjak di install ulang kemarin awalnya saya pikir karena laptop saya belum tersambung k internet makanya ada instalan ny blm selesai tapi setelah kemarin tersambung k internet dan saya cb lihat di laman pengaturan nya ttp nda bisa berfungsi itu kenapa ya,tanya_status
"Nah itu saya nda tau,
Itu dilihat nya darimna?",nah itu saya nda tau itu dilihat nya darimna,setuju
Oke bg,oke bg,setuju
Yaudahh bg saya ambil aja laptop nya,yaudahh bg saya ambil aja laptop nya,setuju
Oke bang saya jemput ke sana,oke bang saya jemput ke sana,setuju
"Baik bang, nanti sore diambilnya",baik bang nanti sore diambilnya,setuju
oke bg,oke bg,setuju
Ok bang,ok bang,setuju
"Oke bang, baru mau dichat padahal",oke bang baru mau dichat padahal,setuju
Jam 7 lewat nnti saya kesana bang ambilnya,jam 7 lewat nnti saya kesana bang ambilnya,setuju
Yang positif service yang kecil dulu bg🙏🏻,yang positif service yang kecil dulu bg,setuju
Insyaallah nanti saya ambil bg,insyaallah nanti saya ambil bg,setuju
Bedanya di ganti sama servis apa nya bang,bedanya di ganti sama servis apa nya bang,setuju
oke bentar ya bang tanya bapak dulu,oke bentar ya bang tanya bapak dulu,setuju
kalau masalah tambah ram nya itu berapa ya bang biaya nya ?,kalau masalah tambah ram nya itu berapa ya bang biaya nya,setuju
inii saja dulu bang di perbaiki masalah tambah ram nanti ya bang soal nya bapak belum ada di rumah,inii saja dulu bang di perbaiki masalah tambah ram nanti ya bang soal nya bapak belum ada di rumah,tanya_status
jadi biaya nya 700 kan bang ?,jadi biaya nya 700 kan bang,setuju
untuk speker sama mesin nya ?,untuk speker sama mesin nya,setuju
kalau ganti keyboard nya berapa bang ?,kalau ganti keyboard nya berapa bang,setuju
nanti yaa bang bapak belum on soal nya nanti kamek konfirmasi abang kalau ganti keyboard nya juga,nanti yaa bang bapak belum on soal nya nanti kamek konfirmasi abang kalau ganti keyboard nya juga,tanya_status
"yang bagian mesin sama speker nya saja dulu bang kalau gitu ga buru” sih bang, nanti tunggu bapak on kamek kabarin abang ya, jangan servis dulu gapapa bang siapa tau nanti bapak suruh ganti juga kebybord nya jadi ga sering bongkar pasang",yang bagian mesin sama speker nya saja dulu bang kalau gitu ga buru sih bang nanti tunggu bapak on kamek kabarin abang ya jangan servis dulu gapapa bang siapa tau nanti bapak suruh ganti juga kebybord nya jadi ga sering bongkar pasang,setuju
okey bang nanti kamek konfir masi abang ya,okey bang nanti kamek konfir masi abang ya,setuju
bang kalau sama keyboard nya jadi 1 juta ya semua nya ?,bang kalau sama keyboard nya jadi 1 juta ya semua nya,setuju
oke bang boleh bang ganti keyboard nya juga,oke bang boleh bang ganti keyboard nya juga,setuju
"jadi speker, mesin, keyboard yang di perbaiki ya bang ?",jadi speker mesin keyboard yang di perbaiki ya bang,setuju
iya bang besok ngambil nya boleh kah tapi kalau nanti malam uang nya cepat di tf kamek ambil nanti malam bang,iya bang besok ngambil nya boleh kah tapi kalau nanti malam uang nya cepat di tf kamek ambil nanti malam bang,setuju
malam tutup jam berapa ya bang ?,malam tutup jam berapa ya bang,setuju
oh iya bang yang kemaren sekalian ubah tampilan menu nya ya bang,oh iya bang yang kemaren sekalian ubah tampilan menu nya ya bang,setuju
oke bang makasih,oke bang makasih,setuju
sip bang,sip bang,setuju
misi bang udah selesai kah bang ?,misi bang udah selesai kah bang,tanya_status
oke bang,oke bang,setuju
takut data nya ilang,takut data nya ilang,setuju
bang kamek ambil nya  boleh kah atau sore kamis karna posisi lagi di mempawah bang ambik data lapangan,bang kamek ambil nya boleh kah atau sore kamis karna posisi lagi di mempawah bang ambik data lapangan,setuju
oh boleh bang kalau gitu yang penting data nya ga ilang bang,oh boleh bang kalau gitu yang penting data nya ga ilang bang,setuju
okey bang maaf ya bang,okey bang maaf ya bang,setuju
iya bang ndapapa bang,iya bang ndapapa bang,setuju
okey bang besok buka kah bang ? soal nya malam ni kamek balik pnk bang,okey bang besok buka kah bang soal nya malam ni kamek balik pnk bang,setuju
kalau besok buka besok kamek ambil nya bang takut ga keburu malam ni ambil nya,kalau besok buka besok kamek ambil nya bang takut ga keburu malam ni ambil nya,setuju
okey bang maaf ya bang besok pasti kamek ambil bang,okey bang maaf ya bang besok pasti kamek ambil bang,setuju
bang jam berapa tutup ?,bang jam berapa tutup,umum_teknis
oke bang,oke bang,setuju
mau tanya di bang,mau tanya di bang,setuju
kok data” di laptop nya kosong ya bang ?,kok data di laptop nya kosong ya bang,setuju
bentar ya bang kamek cek,bentar ya bang kamek cek,setuju
okey bang,okey bang,setuju
ad bang makasih ya,ad bang makasih ya,setuju
Oke bag,oke bag,setuju
"baik lh, besok ya saya ambil🙏🏼",baik lh besok ya saya ambil,setuju
stlh ini saya ambil ya kk,stlh ini saya ambil ya kk,setuju
setelah ini ya kk🥲,setelah ini ya kk,setuju
perbaikannya berapa lama ya bang?,perbaikannya berapa lama ya bang,setuju
bagian mesinnya yang bermasalah apa ya bang?,bagian mesinnya yang bermasalah apa ya bang,setuju
Okee bang,okee bang,setuju
ini sistemnya tf nanti ya bang? apa tf dulu?,ini sistemnya tf nanti ya bang apa tf dulu,setuju
iyaa boleh bang,iyaa boleh bang,setuju
oke sore ya kak,oke sore ya kak,setuju
besok jak kak,besok jak kak,setuju
iya santai jak kak,iya santai jak kak,setuju
Lama gak perbaikannya min,lama gak perbaikannya min,setuju
Usahakan lah minggu sudah selesai bisa gak min,usahakan lah minggu sudah selesai bisa gak min,tanya_status
Iya min,iya min,setuju
Iya kak,iya kak,setuju
Kalau ganti keyboard brapa kak,kalau ganti keyboard brapa kak,umum_teknis
Kalau ganti keyboard lama gak,kalau ganti keyboard lama gak,umum_teknis
Bisa kurang lagi gak kak keyboard sama layarnya,bisa kurang lagi gak kak keyboard sama layarnya,setuju
Iya lah kak,iya lah kak,setuju
Ganti ajalah kak sekalian,ganti ajalah kak sekalian,umum_teknis
Nanti kalau sudah selesai kasi tau ya kak,nanti kalau sudah selesai kasi tau ya kak,tanya_status
Iya nanti kasi tau aja ya kak kalau udah selesai,iya nanti kasi tau aja ya kak kalau udah selesai,tanya_status
Iya kak,iya kak,setuju
Nanti dulu ya kak saya cari gojek dulu,nanti dulu ya kak saya cari gojek dulu,setuju
Besok buka gak min pagi2,besok buka gak min pagi2,setuju
Okeee kk nnti saya ambil leptop nya,okeee kk nnti saya ambil leptop nya,setuju
ok sya kasi tau orng nya dlu ya,ok sya kasi tau orng nya dlu ya,setuju
boleh katanya bg,boleh katanya bg,setuju
ok,ok,setuju
ada biaya tambahan lg kah,ada biaya tambahan lg kah,setuju
tanyak orng nya dlu ya,tanyak orng nya dlu ya,setuju
ganti katanya bg,ganti katanya bg,setuju
okee,okee,setuju
buka smpe jamber bg,buka smpe jamber bg,umum_teknis
itu ada tipe nya nda si bg,itu ada tipe nya nda si bg,setuju
apa semua nya sma,apa semua nya sma,setuju
ohh instal laptop kmren brp ya bg,ohh instal laptop kmren brp ya bg,setuju
besok buka jamber,besok buka jamber,setuju
mlm ttp jam 9 juga ya,mlm ttp jam 9 juga ya,setuju
gmn bg laptop nya,gmn bg laptop nya,setuju
kir besok udh selesai ga ya soalnya mau dipake,kir besok udh selesai ga ya soalnya mau dipake,tanya_status
brp total ganti nya bg,brp total ganti nya bg,setuju
oke gas bg,oke gas bg,setuju
yauda ganti dlu aja bg,yauda ganti dlu aja bg,setuju
ganti bg,ganti bg,umum_teknis
keyboard nya,keyboard nya,setuju
gausah kalik ya cmn 1 doang,gausah kalik ya cmn 1 doang,setuju
jdi total nya brp bg,jdi total nya brp bg,setuju
okee,okee,setuju
klo dah selesai info bg,klo dah selesai info bg,tanya_status
ok bg,ok bg,setuju
bg kok laptop nya udh ga idup sma skli,bg kok laptop nya udh ga idup sma skli,setuju
udh ga bisa dipake lg ya,udh ga bisa dipake lg ya,setuju
"Siang, oke",siang oke,setuju
Ndk jadi ganti aja kak,ndk jadi ganti aja kak,umum_teknis
Salah kak maksudnya jangan ganti,salah kak maksudnya jangan ganti,setuju
Makanya saya tidak ganti kak,makanya saya tidak ganti kak,setuju
Ok tq.,ok tq,setuju
Tutup jam berapa.,tutup jam berapa,umum_teknis
Malam ya. Ok,malam ya ok,setuju
Ini laptop black lagi ya. Bisa di setting lagi. Balik lagi ke awal ne,ini laptop black lagi ya bisa di setting lagi balik lagi ke awal ne,setuju
Coba sore di cek lagi ya.,coba sore di cek lagi ya,setuju
Ok tq,ok tq,setuju
Ganti ssd 128 gak kurang lagi.,ganti ssd 128 gak kurang lagi,umum_teknis
650 ya,650 ya,setuju
HHD internalnya bisa di casingin dak,hhd internalnya bisa di casingin dak,setuju
Brp casingnya,brp casingnya,setuju
Ok tq,ok tq,setuju
Ok,ok,setuju
Tolong dibersihkan bagian dalam ya.,tolong dibersihkan bagian dalam ya,setuju
Pagi. Apa sdh selesai.,pagi apa sdh selesai,tanya_status
Malam bang.. Hardisk yang ekternalnya kok gak bisa kebaca ya dari kemarin ya.,malam bang hardisk yang ekternalnya kok gak bisa kebaca ya dari kemarin ya,setuju
Iya tq besok saya bawa kesana tq,iya tq besok saya bawa kesana tq,setuju
Ok tq besok sy ambil bang,ok tq besok sy ambil bang,setuju
Oke bangg,oke bangg,setuju
Saya dari reformasi,saya dari reformasi,setuju
okeii bg,okeii bg,setuju
bg saya tf byr ny,bg saya tf byr ny,setuju
bg laptopnya blue screen lagi,bg laptopnya blue screen lagi,setuju
oke bg saya bawa ke sana,oke bg saya bawa ke sana,setuju
kmrn 450 ya bg keyboard ny?,kmrn 450 ya bg keyboard ny,setuju
laptonya udh boleh diambil kah bg,laptonya udh boleh diambil kah bg,setuju
ok bg nnt bpk saya yg ambil,ok bg nnt bpk saya yg ambil,setuju
"bg kn kmrn saya nd pakai laptop sy trs pas baru saya pakai hri ini die tu tetap blue screen bg, nah itu tu knp ya",bg kn kmrn saya nd pakai laptop sy trs pas baru saya pakai hri ini die tu tetap blue screen bg nah itu tu knp ya,setuju
itu karna laptopnya panas jg bisa kah bg?,itu karna laptopnya panas jg bisa kah bg,setuju
kira” brp ya bg btlkn ny,kira brp ya bg btlkn ny,setuju
soalny tiap saya tinggl bntr laptop tu tibe” blue screen trs file ny tu terapus yg udh saya kerjakan,soalny tiap saya tinggl bntr laptop tu tibe blue screen trs file ny tu terapus yg udh saya kerjakan,setuju
oke bg,oke bg,setuju
setelah matkul saya bawa ya bg,setelah matkul saya bawa ya bg,setuju
ohh gitu ya bg,ohh gitu ya bg,setuju
nah klo mislny biar dia ga kepanasan tu gmn bg cara mencegahnya?,nah klo mislny biar dia ga kepanasan tu gmn bg cara mencegahnya,setuju
jujur saya bru pertama kli kenak gini bg😭,jujur saya bru pertama kli kenak gini bg,setuju
okei bg terimakasih ya,okei bg terimakasih ya,setuju
bsk mungkin pagi atau sore saya ambil laptopnya,bsk mungkin pagi atau sore saya ambil laptopnya,setuju
Oke Bg,oke bg,setuju
Oke bg malam ya,oke bg malam ya,setuju
iyaa okeey,iyaa okeey,setuju
jambrp tutup toko?,jambrp tutup toko,setuju
selesai ibadah saya ambil,selesai ibadah saya ambil,tanya_status
Ok,ok,setuju
"besok saya ambil leptop nya ,hujan kak",besok saya ambil leptop nya hujan kak,setuju
Ok siap,ok siap,setuju
"Waalaikumsalam..
iya baik Kak, sekitar jam 4 lewat saya ke toko ya Kak.
🙏🏻",waalaikumsalam iya baik kak sekitar jam 4 lewat saya ke toko ya kak,setuju
Ok,ok,setuju
Kapan bisa diambil,kapan bisa diambil,tanya_status
Ok kpn jadinya,ok kpn jadinya,setuju
Ok,ok,setuju
Sdh selesai apa blm dik Laptopnya,sdh selesai apa blm dik laptopnya,tanya_status
Ok,ok,setuju
Oke bg saye infokan ke ibu saye dlu ye,oke bg saye infokan ke ibu saye dlu ye,setuju
Kapan bisa di ambil?,kapan bisa di ambil,tanya_status
Oke bg info jak nanti ye,oke bg info jak nanti ye,setuju
Oke bg,oke bg,setuju
Besok pagi/siang saye ambil bg,besok pagisiang saye ambil bg,setuju
Ok bentar lagi saya ke situ,ok bentar lagi saya ke situ,setuju
Sip bang,sip bang,setuju
"Waalaikumsalam, ini sudah diperbaiki atau belum bg?",waalaikumsalam ini sudah diperbaiki atau belum bg,tanya_status
Oh oke sebentar ya,oh oke sebentar ya,setuju
Ini masalah kalau diangkat sedikit langsung eror kan ya layar laptopnya?,ini masalah kalau diangkat sedikit langsung eror kan ya layar laptopnya,setuju
"Bg dibenerin aja lh
Kira2 ada garansiny ndk bg?",bg dibenerin aja lh kira2 ada garansiny ndk bg,umum_teknis
Okke bg,okke bg,setuju
Oke,oke,setuju
Okke sore ya,okke sore ya,setuju
Okok mas,okok mas,setuju
"selamat malam juga bang, tadi saya udah kasih tau orang tua untuk biayanya. Kata bapak mama saya servicenya ditunda dulu jadi besok siang saya ambil laptopnya di toko",selamat malam juga bang tadi saya udah kasih tau orang tua untuk biayanya kata bapak mama saya servicenya ditunda dulu jadi besok siang saya ambil laptopnya di toko,setuju
okee bangg,okee bangg,setuju
"Salam sehat. Terimakasih telah menghubungi kami dr.Budhi Febrian PJ Sp.N AIFO-K. 

Untuk berkonsultasi, silahkan tinggalkan pesan chat atau pesan suara terkait jenis keluhan gejala penyakit, riwayat penyakit dan riwayat berobat/ obat yang sudah diminum. 

Kami akan segera analisa dan menjawab pertanyaan tersebut serta menjadwalkan telepon atau video call bila diperlukan. 

Kami siap membantu agar lekas sembuh.
Insyaa Allah.",salam sehat terimakasih telah menghubungi kami drbudhi febrian pj spn aifok untuk berkonsultasi silahkan tinggalkan pesan chat atau pesan suara terkait jenis keluhan gejala penyakit riwayat penyakit dan riwayat berobat obat yang sudah diminum kami akan segera analisa dan menjawab pertanyaan tersebut serta menjadwalkan telepon atau video call bila diperlukan kami siap membantu agar lekas sembuh insyaa allah,setuju
"*Program Cegah Stroke*
Jangan sepelekan tekanan darah tinggi berulang lebih dari 130/90mmhg disertai dengan nyeri kepala (migrain berulang) maupun pusing berputar (vertigo) atau ngambang (vertigo central) bila disertai dengan riwayat pandangan gelap atau berkunang kunang atau kesemutan (neuropati) artinya aliran darah ke otak kurang lancar (vertebrobasilar artery sindrome) gejala awal stroke.
Terlebih ada riwayat gula darah tinggi >150mg/dl (diabetes), segera konsultasi. Biaya GRATIS/ Seikhlasnya.",program cegah stroke jangan sepelekan tekanan darah tinggi berulang lebih dari 13090mmhg disertai dengan nyeri kepala migrain berulang maupun pusing berputar vertigo atau ngambang vertigo central bila disertai dengan riwayat pandangan gelap atau berkunang kunang atau kesemutan neuropati artinya aliran darah ke otak kurang lancar vertebrobasilar artery sindrome gejala awal stroke terlebih ada riwayat gula darah tinggi 150mgdl diabetes segera konsultasi biaya gratis seikhlasnya,setuju
"Total semua segitu ya, Boleh. Terimakasih",total semua segitu ya boleh terimakasih,setuju
Garansi berapa lama?,garansi berapa lama,umum_teknis
Bisa diambil malam ini jam berapa ya paling malam?,bisa diambil malam ini jam berapa ya paling malam,setuju
Baik ditunggu infonya,baik ditunggu infonya,setuju
"Saya baru bisa ambil sekarang, kalau besok pagi atau siang bisa diambil jam berapa?",saya baru bisa ambil sekarang kalau besok pagi atau siang bisa diambil jam berapa,setuju
"Baik terimakasih infonya, saya ambil besok pagi saja",baik terimakasih infonya saya ambil besok pagi saja,setuju
"Baik, Tapi malam ini sudah selesaikan pak seperti kesepakatan kita tadi malam ?",baik tapi malam ini sudah selesaikan pak seperti kesepakatan kita tadi malam,tanya_status
"Siap, malam ya bang.",siap malam ya bang,setuju
sore bentar yaa kak,sore bentar yaa kak,setuju
bisa nego ga kk,bisa nego ga kk,umum_teknis
500 nda bisa ya,500 nda bisa ya,setuju
550 berati ya,550 berati ya,setuju
bole kak perkiraan kapan selesai kk,bole kak perkiraan kapan selesai kk,tanya_status
iya kak soalnya mau pulang kampung,iya kak soalnya mau pulang kampung,setuju
"siap kak, nnti balik kesini lagi saya ambil nya kk",siap kak nnti balik kesini lagi saya ambil nya kk,setuju
Ok,ok,setuju
"Bg, mo tanya laptop saya kira² selesai kapan ye?",bg mo tanya laptop saya kira selesai kapan ye,tanya_status
Okeoke,okeoke,setuju
"Bg, saya ambil laptop sore hr ini ya. Dkt² magrib kek nya",bg saya ambil laptop sore hr ini ya dkt magrib kek nya,setuju
baik bang saya mau🙏,baik bang saya mau,setuju
kira² laptopnya bisa diambil kapan ya?,kira laptopnya bisa diambil kapan ya,tanya_status
baik pak nanti agak sore saya ambil kesitu,baik pak nanti agak sore saya ambil kesitu,setuju
besok aja ya kak saya ngambil nya saya lagi diluar Pontianak,besok aja ya kak saya ngambil nya saya lagi diluar pontianak,setuju
agak malaman ya bang sy ngambilnya,agak malaman ya bang sy ngambilnya,setuju
"Siang bang, jumatan kah hr ini? Jm brp buka lagi?",siang bang jumatan kah hr ini jm brp buka lagi,umum_teknis
"Oke lh bg, tapi itu kira2 matot atau casnya bg yg bermasalah kira2",oke lh bg tapi itu kira2 matot atau casnya bg yg bermasalah kira2,setuju
kalau dikosongin aja bisa ga itu ya bg,kalau dikosongin aja bisa ga itu ya bg,setuju
jadi ganti pasta aja,jadi ganti pasta aja,umum_teknis
brpaan kira kira gantinya tu bg,brpaan kira kira gantinya tu bg,setuju
itu ssdnya upgrade atau ganti yg sama kak,itu ssdnya upgrade atau ganti yg sama kak,setuju
"baik bg, nanti saya info kembali soal jadi atau nga nya ya bg🙏🏻",baik bg nanti saya info kembali soal jadi atau nga nya ya bg,setuju
bisa tukar tambah ga ya bg😁,bisa tukar tambah ga ya bg,setuju
oke baik bg,oke baik bg,setuju
Ok,ok,setuju
Okok siap bg,okok siap bg,setuju
"okeyy bangg, makasihh banyakk",okeyy bangg makasihh banyakk,setuju
nanti saya ambil ya,nanti saya ambil ya,setuju
buka sampai jam berapa bang,buka sampai jam berapa bang,umum_teknis
okeyy,okeyy,setuju
baik bg besok siang saya ambil,baik bg besok siang saya ambil,setuju
framenye bakal pecah agi klo udh diperbaiki?,framenye bakal pecah agi klo udh diperbaiki,umum_teknis
klo mau ganti frame berape ye bg,klo mau ganti frame berape ye bg,umum_teknis
untuk layarnye aman nd bg? abang udh cobe hidupin belum?,untuk layarnye aman nd bg abang udh cobe hidupin belum,tanya_status
dengan layar nye juga ye bg,dengan layar nye juga ye bg,setuju
emm oke bg makasi bg,emm oke bg makasi bg,setuju
bise ke abng cek kan lcd nye sekalian,bise ke abng cek kan lcd nye sekalian,umum_teknis
kenak harga brp bang kalo ganti frame depan belakang,kenak harga brp bang kalo ganti frame depan belakang,umum_teknis
aman lcd nya kan bang,aman lcd nya kan bang,setuju
touchscreen sm keyboard brarti ya,touchscreen sm keyboard brarti ya,setuju
itu ngaruh ke lcd bang?,itu ngaruh ke lcd bang,umum_teknis
kalau keyboard 65% tu maksudnya gimanan bang,kalau keyboard 65 tu maksudnya gimanan bang,setuju
frame masih kosong skrang ya bang,frame masih kosong skrang ya bang,setuju
"sip, tolong sekali ye bg 🙏🏻🙏🏻🙏🏻",sip tolong sekali ye bg,setuju
oke bg makasi mungkin mingdep saye ambek laptopnye bg,oke bg makasi mungkin mingdep saye ambek laptopnye bg,setuju
bg besok saye ambek laptop e,bg besok saye ambek laptop e,setuju
big masi buka ke,big masi buka ke,umum_teknis
"baik, siang ini saya ambil..",baik siang ini saya ambil,setuju
Udh bisa diambil bg laptop nya?,udh bisa diambil bg laptop nya,setuju
ok,ok,setuju
ok,ok,setuju
"aduh bg, sy mau tdr awl bsok subuh plg",aduh bg sy mau tdr awl bsok subuh plg,setuju
gmn ya,gmn ya,setuju
ok,ok,setuju
sya siap siap,sya siap siap,setuju
assalamualaikum bang.. ini masih ad garansi servis gak? Soalnya laptop saya mati lagi tiba tiba gamau hidup..,assalamualaikum bang ini masih ad garansi servis gak soalnya laptop saya mati lagi tiba tiba gamau hidup,setuju
Ad biaya?,ad biaya,setuju
Dia hidup terus kek temati macam dk kuat ngangkat layarnya,dia hidup terus kek temati macam dk kuat ngangkat layarnya,setuju
Baik bang terimakasi besok bole saya bawa kesitu ya bang,baik bang terimakasi besok bole saya bawa kesitu ya bang,setuju
Berapa biayanya bang?,berapa biayanya bang,setuju
Ganti aja bang,ganti aja bang,umum_teknis
Siang. Sore ya bang saya ngambil leptopnya,siang sore ya bang saya ngambil leptopnya,setuju
okey bang,okey bang,setuju
sudah buka kah hari ini?,sudah buka kah hari ini,umum_teknis
"laptop yg kemarin nd hidup lagi bang, udah di cas berjam jam jga nd mau hidup",laptop yg kemarin nd hidup lagi bang udah di cas berjam jam jga nd mau hidup,umum_teknis
hari ini buka kah bang?,hari ini buka kah bang,umum_teknis
oke ka jam 4/5 ya saya ambil,oke ka jam 45 ya saya ambil,setuju
"bang kemarin pas adik saya buka laptop touchpadny gabisa pake,kenapa ya?",bang kemarin pas adik saya buka laptop touchpadny gabisa pakekenapa ya,setuju
makasi ya bang,makasi ya bang,setuju
"Waalaikumsallam bg, kalau ganti hardisk apakah file’dilaptop nya hilang bg",waalaikumsallam bg kalau ganti hardisk apakah filedilaptop nya hilang bg,setuju
Okei bg saya tanya orng rumah dulu nnti saya kabari lagii,okei bg saya tanya orng rumah dulu nnti saya kabari lagii,setuju
Instal ulang dulu yak bg untuk sementara ini,instal ulang dulu yak bg untuk sementara ini,setuju
Iya bolehh bg instal ulang aja,iya bolehh bg instal ulang aja,setuju
Besok siang ya bang saya ambil nda pape ke?,besok siang ya bang saya ambil nda pape ke,setuju
"Waalaikumsalam, tutup jam berapa bang",waalaikumsalam tutup jam berapa bang,umum_teknis
Yang harga 600 RB tadi,yang harga 600 rb tadi,setuju
Infokan ya bg kalau dh selesai,infokan ya bg kalau dh selesai,tanya_status
Ok,ok,setuju
Ok bg nanti yaa bg saya ambil nya nanti saya infokan kalau mau ngambilnya,ok bg nanti yaa bg saya ambil nya nanti saya infokan kalau mau ngambilnya,setuju
Maaf bh baru buka hp,maaf bh baru buka hp,umum_teknis
Besok saya ngambil nya bg,besok saya ngambil nya bg,setuju
Duittnyaa,duittnyaa,setuju
Orang nya mau tf,orang nya mau tf,setuju
Kirim nmr reknya bg,kirim nmr reknya bg,setuju
Udah yaa bg,udah yaa bg,setuju
Jam 5 saya otw kesana bg,jam 5 saya otw kesana bg,setuju
Ok bg,ok bg,setuju
Yg ini bg kan nota nya,yg ini bg kan nota nya,setuju
Done ya bg,done ya bg,setuju
Nnti barang nya saya ambil ya bg,nnti barang nya saya ambil ya bg,setuju
Terima kasih banyak bg,terima kasih banyak bg,setuju
nanti malm saya ambil ya bg,nanti malm saya ambil ya bg,setuju
makasih banyak🙏🏻🙏🏻🙏🏻,makasih banyak,setuju
bayarnya bisa transfer nda bang,bayarnya bisa transfer nda bang,setuju
"assalamu'alaikum bg, laptop saya bermasalaj lgi tiap mau ngidupkanya dia itu harus pakai cas🙏🏻",assalamualaikum bg laptop saya bermasalaj lgi tiap mau ngidupkanya dia itu harus pakai cas,setuju
"siang kak, mau tanya ganti baterai laptop dell inspiron 5405 bs ga ya",siang kak mau tanya ganti baterai laptop dell inspiron 5405 bs ga ya,setuju
brp kira2 biayanya,brp kira2 biayanya,setuju
okeii boleh yaa kak,okeii boleh yaa kak,setuju
tolong sampe bisa nyaman aman sentosa yaa kak🙏🏻,tolong sampe bisa nyaman aman sentosa yaa kak,setuju
"okei kak, besok kalo udh selesai.
Kabarin aja yaa kak, Terima Kasih",okei kak besok kalo udh selesai kabarin aja yaa kak terima kasih,tanya_status
"okei kak, nanti saya ambil kesitu yaa",okei kak nanti saya ambil kesitu yaa,setuju
Malam ya bang,malam ya bang,setuju
Tutup jam brp,tutup jam brp,umum_teknis
Oke bang,oke bang,setuju
jadi gmn bg udh di periksa kah laptopnya?,jadi gmn bg udh di periksa kah laptopnya,setuju
siang bg jadi gmn bg laptop nya?,siang bg jadi gmn bg laptop nya,setuju
okey kak,okey kak,setuju
iya kak,iya kak,setuju
siang kak jadi gmn kak laptopnya?,siang kak jadi gmn kak laptopnya,setuju
iya kak laptop nya yg lenovo thiknpad ya kak atas nama Emil,iya kak laptop nya yg lenovo thiknpad ya kak atas nama emil,setuju
"lcdnya ga bisa kah kak, untuk tokohnya yg pesankan untuk saya tapi untuk biayanya berapa ya ?",lcdnya ga bisa kah kak untuk tokohnya yg pesankan untuk saya tapi untuk biayanya berapa ya,setuju
"soalnya kmrn pan juga kosong di tokoh nya cuman dipesankan sm storenya, sy pernah ganti pan nya di store kk",soalnya kmrn pan juga kosong di tokoh nya cuman dipesankan sm storenya sy pernah ganti pan nya di store kk,setuju
okey kak infokan saja ya,okey kak infokan saja ya,setuju
jadi gmn kak udh ada konfirmasi dri jakarta kah berapa harganya?,jadi gmn kak udh ada konfirmasi dri jakarta kah berapa harganya,setuju
okey kak,okey kak,setuju
kl sudah ada infonya kabarin ya kak,kl sudah ada infonya kabarin ya kak,setuju
kk gmn apa sudah ad infonya?,kk gmn apa sudah ad infonya,setuju
itu yg dri jakarta blm konfirmasi ya?,itu yg dri jakarta blm konfirmasi ya,setuju
bg ini kan harganya 600k kan itu apa saja bg komponen di laptopnya yg di perbaiki yg di lcdnya?,bg ini kan harganya 600k kan itu apa saja bg komponen di laptopnya yg di perbaiki yg di lcdnya,setuju
soalnya mau ngasih tau ortu kan ini diperbaiki jg yg layar hitamnya kan yg ga bisa tampil dn  ga diganti lcd yg baru jadi biar tau apa aja gt yg di ganti,soalnya mau ngasih tau ortu kan ini diperbaiki jg yg layar hitamnya kan yg ga bisa tampil dn ga diganti lcd yg baru jadi biar tau apa aja gt yg di ganti,setuju
engsel laptop kmrn tu yg kata abgnya agak goyang gmn tu kak?,engsel laptop kmrn tu yg kata abgnya agak goyang gmn tu kak,setuju
"ooh oke"" kak perbaiki saja ya disitu nanti kl udh selesai kabarin",ooh oke kak perbaiki saja ya disitu nanti kl udh selesai kabarin,tanya_status
okey kak infokn kl sudah selesai diperbaiki,okey kak infokn kl sudah selesai diperbaiki,tanya_status
jm brp storenya tutup kak?,jm brp storenya tutup kak,setuju
oke bg nanti diambil,oke bg nanti diambil,setuju
Waalaikumsalam oke bang,waalaikumsalam oke bang,setuju
soalnya cuman buat tugas jaa bang,soalnya cuman buat tugas jaa bang,setuju
okee mksih bang harganya sama atau beda bang,okee mksih bang harganya sama atau beda bang,setuju
makasih banyak yaa bangggg,makasih banyak yaa bangggg,setuju
besok udah bisa ambilkan bang,besok udah bisa ambilkan bang,setuju
okee makasihhh banggg,okee makasihhh banggg,setuju
bang malam bisa kan ambilnya,bang malam bisa kan ambilnya,setuju
tutup jam brpa bang,tutup jam brpa bang,umum_teknis
skrg masih buka kh bng,skrg masih buka kh bng,umum_teknis
ok bng saya otw skrg,ok bng saya otw skrg,setuju
gaada obeng bng hehe besok saya ksna ya😅,gaada obeng bng hehe besok saya ksna ya,setuju
Oke bang,oke bang,setuju
"Iya mas, dsini kondisi hujan",iya mas dsini kondisi hujan,setuju
Gmn besok aja saya ke sana mas,gmn besok aja saya ke sana mas,setuju
Saya otw ya mas,saya otw ya mas,setuju
sip,sip,setuju
Ok bang,ok bang,setuju
Oke bang,oke bang,setuju
Masih lama kah download nya bang,masih lama kah download nya bang,setuju
Ngape wa nye nda bise di buka ke,ngape wa nye nda bise di buka ke,umum_teknis
wa nya jak yang dak bise,wa nya jak yang dak bise,setuju
bg hubungi ini ya,bg hubungi ini ya,setuju
okes siap bang,okes siap bang,setuju
saya kesana ya,saya kesana ya,setuju
Waalaikumussalam oke bang,waalaikumussalam oke bang,setuju
Kira2 tutup ny jam berapa ya bang?,kira2 tutup ny jam berapa ya bang,setuju
Oke bang,oke bang,setuju
Okee maksh bang nnti saye ambil,okee maksh bang nnti saye ambil,setuju
"Baik terimakasih kak info nya, tapi saya bisanya besok ngambilnya kak",baik terimakasih kak info nya tapi saya bisanya besok ngambilnya kak,setuju
Okee kak saya ambil di hari jumat ya kak,okee kak saya ambil di hari jumat ya kak,setuju
"Hallo maaf kak, kalau ngambil sekarang bisa nggak kak?. Toko nya tutup jam berapa kak?",hallo maaf kak kalau ngambil sekarang bisa nggak kak toko nya tutup jam berapa kak,setuju
Okee kak makasih infonya,okee kak makasih infonya,setuju
"Bang 
Tutup jam brp toko ny?",bang tutup jam brp toko ny,setuju
"Laptop saye ndk mau hidup bang
Setelah di restart die ndk mau idup
Tpi kipas nye bunyi nyaring",laptop saye ndk mau hidup bang setelah di restart die ndk mau idup tpi kipas nye bunyi nyaring,setuju
Buka setiap hari k bang?,buka setiap hari k bang,umum_teknis
"Okela bang
Nnti saye kesitu klw udh nd ujan",okela bang nnti saye kesitu klw udh nd ujan,setuju
Bang laptop saya udh k?,bang laptop saya udh k,setuju
Saya mau ambil file di dalamnya bang,saya mau ambil file di dalamnya bang,setuju
"Skrg bisa hidup ka bang
Saya mau buka sbntr",skrg bisa hidup ka bang saya mau buka sbntr,setuju
Saya bawa,saya bawa,setuju
Iya bang,iya bang,setuju
"Okela bang nanti saya pikirkan dulu 
Klo laptopnya disiitu dulu ndk apa kan bang?",okela bang nanti saya pikirkan dulu klo laptopnya disiitu dulu ndk apa kan bang,setuju
Klw bisa semua semuanya si kak hm,klw bisa semua semuanya si kak hm,setuju
Iya bang,iya bang,setuju
kira kira jam brapa bisa ambil bang?,kira kira jam brapa bisa ambil bang,umum_teknis
Oke bang,oke bang,setuju
Oke bang,oke bang,setuju
"Okey bang, ntar sore sye ambill",okey bang ntar sore sye ambill,setuju
Bearti masalah laptopnya di processor ya,bearti masalah laptopnya di processor ya,setuju
Okee bang,okee bang,setuju
Jam 12an saya ambil ya,jam 12an saya ambil ya,setuju
"Ok bang, bntr y",ok bang bntr y,setuju
"baik bang, jd besok udh bisa di ambil ya bang",baik bang jd besok udh bisa di ambil ya bang,setuju
oke bang diambil mlm ini aja,oke bang diambil mlm ini aja,setuju
Oke gpp mas,oke gpp mas,setuju
Brrti untuk yg engselnya gak bisa di apa apa in ya?,brrti untuk yg engselnya gak bisa di apa apa in ya,setuju
Oke gppa mas,oke gppa mas,setuju
Iya mas perbaiki aja. Bsok pagi udh bisa di ambil?,iya mas perbaiki aja bsok pagi udh bisa di ambil,setuju
Jam brpa mas kira kira?,jam brpa mas kira kira,umum_teknis
Oke makasih mas,oke makasih mas,setuju
Ok jm 9 ya,ok jm 9 ya,setuju
"Waalaikumsalam, Oke nanti saya ke sana",waalaikumsalam oke nanti saya ke sana,setuju
Oke boleh kak lnjutkan,oke boleh kak lnjutkan,setuju
Iya kak lanjutkan 🙏🏻,iya kak lanjutkan,setuju
Oke kak info jak,oke kak info jak,setuju
"waalaikumsalam bang, besok ya",waalaikumsalam bang besok ya,setuju
ini udh dg jasa matikan keyboard blm ya?,ini udh dg jasa matikan keyboard blm ya,setuju
yg keyboard nya udh d matikan bisa kh bang,yg keyboard nya udh d matikan bisa kh bang,setuju
"oke bang, intinya dak ke tekan"" sendiri",oke bang intinya dak ke tekan sendiri,setuju
besok buka jam brpa ya?,besok buka jam brpa ya,setuju
oke ka tar ya balik ngampus,oke ka tar ya balik ngampus,setuju
Okeee kak,okeee kak,setuju
Buka sampe jam berapa bg,buka sampe jam berapa bg,umum_teknis
Okee kak,okee kak,setuju
Okee bangg,okee bangg,setuju
Okee bg,okee bg,setuju
iyaa kak,iyaa kak,setuju
iya kak,iya kak,setuju
oke kk bsk yaa,oke kk bsk yaa,setuju
saya otw kak,saya otw kak,setuju
"oke bang, agak sore nanti ya bang soalnya lagi kegiatan di luar",oke bang agak sore nanti ya bang soalnya lagi kegiatan di luar,setuju
oke bang,oke bang,setuju
"oke bang, nanti sore saya kesana",oke bang nanti sore saya kesana,setuju
Iyaa bg,iyaa bg,setuju
Kybord nya non aktifkan jak bg,kybord nya non aktifkan jak bg,setuju
Emang udah rusak kybord nya suka error,emang udah rusak kybord nya suka error,setuju
Ok bg,ok bg,setuju
Ok bg,ok bg,setuju
Kalo boleh tau bang kalo semisalnya bongkar biayanya berapa ya bng? Apakah nambah,kalo boleh tau bang kalo semisalnya bongkar biayanya berapa ya bng apakah nambah,setuju
Ohh iya baik bang,ohh iya baik bang,setuju
Ohhh ga bisa yaa bang,ohhh ga bisa yaa bang,setuju
Nanti saya ambil labtob nya,nanti saya ambil labtob nya,setuju
Bang ko labtob nya ga hidup??,bang ko labtob nya ga hidup,setuju
Tapi sekarang pas di cas ndk mau nyala BG laptop nya,tapi sekarang pas di cas ndk mau nyala bg laptop nya,setuju
"Katanya udh dibongkar BG, soalnya segelnya dh kebuka?",katanya udh dibongkar bg soalnya segelnya dh kebuka,setuju
"Boleh kah saya ketempat Abg lagi mastikanya, soalnya ndk bisa hidup ni laptopnya",boleh kah saya ketempat abg lagi mastikanya soalnya ndk bisa hidup ni laptopnya,setuju
Gimana Progress labtob sekarang bang??,gimana progress labtob sekarang bang,tanya_status
"Ohhh baik lhh bng
 Perkiraan butuh berapa lama yaa, sebelum lebaran udah bisa jadi gak bng",ohhh baik lhh bng perkiraan butuh berapa lama yaa sebelum lebaran udah bisa jadi gak bng,tanya_status
Ohhh iyaa lahh bang,ohhh iyaa lahh bang,setuju
"Hee maaf gak bisa bng lagi ada mata kuliah tdi bng full lagii ga main hp jga bng, kalo besok bisa ga bng datangnya??",hee maaf gak bisa bng lagi ada mata kuliah tdi bng full lagii ga main hp jga bng kalo besok bisa ga bng datangnya,setuju
Iya bng siap,iya bng siap,setuju
Kalo boleh tau apa masalah dalam labtob tu ya  bang? Lupa saya bng,kalo boleh tau apa masalah dalam labtob tu ya bang lupa saya bng,setuju
Ohh oky lah bang,ohh oky lah bang,setuju
Gimana Progress sekarang bang,gimana progress sekarang bang,tanya_status
Oky bng,oky bng,setuju
Bang bisa minta bukti pembayaran Ndak orang rumah mau Liat tkut sye dibilang bohong pla 😅,bang bisa minta bukti pembayaran ndak orang rumah mau liat tkut sye dibilang bohong pla,setuju
Bng hari ini tutup jam berapa bng?,bng hari ini tutup jam berapa bng,umum_teknis
"Oke, besok pagi saya ambil",oke besok pagi saya ambil,setuju
Toko buka jam berapa ya?,toko buka jam berapa ya,setuju
"Oke, Thankyou",oke thankyou,setuju
Oo gtu ya oke la bg..upgrade lagi aja la bg ke wd 11,oo gtu ya oke la bgupgrade lagi aja la bg ke wd 11,setuju
Oo iya bg file lama apk nya ada di data d bg,oo iya bg file lama apk nya ada di data d bg,setuju
Oke la bg,oke la bg,setuju
Kehapus kayanya,kehapus kayanya,setuju
Okee makasii bg,okee makasii bg,setuju
Jam 9 saye plg bg..mungkin smpai di stu jam 9 lewat gtu bg..,jam 9 saye plg bgmungkin smpai di stu jam 9 lewat gtu bg,umum_teknis
Makasii bnyk ya bg🙏🏻,makasii bnyk ya bg,setuju
Waalaikumussalam oke bang,waalaikumussalam oke bang,setuju
Okee bg,okee bg,setuju
Okelah bg,okelah bg,setuju
Iya bang,iya bang,setuju
Bisa di ambil kapan setelah smua di servis,bisa di ambil kapan setelah smua di servis,tanya_status
Malam ini bisa ya?,malam ini bisa ya,setuju
Iya,iya,setuju
Okey bang,okey bang,setuju
"Bg infokan secepatnya ya kpn bisa di ambil, soalnya lgi butuh 🙏",bg infokan secepatnya ya kpn bisa di ambil soalnya lgi butuh,setuju
Okey bang,okey bang,setuju
Okey bg,okey bg,setuju
maksud saya minta instal kan ke windows pas laptop saya sebelum di install,maksud saya minta instal kan ke windows pas laptop saya sebelum di install,tanya_status
saya benar2 nda ngerti soalnya sama windows 8,saya benar2 nda ngerti soalnya sama windows 8,setuju
ok bg,ok bg,setuju
bg kenapa laptop gini lagi ya,bg kenapa laptop gini lagi ya,setuju
buka sampe jam brp bg,buka sampe jam brp bg,umum_teknis
ambil skrg buka nda bg,ambil skrg buka nda bg,umum_teknis
"Sore bang, anugerah komputer kalau malam tutup jam brpa ya?",sore bang anugerah komputer kalau malam tutup jam brpa ya,setuju
Jadi udah bisa ya kk?,jadi udah bisa ya kk,setuju
Iya kosong,iya kosong,setuju
Itu ada disitu filenya,itu ada disitu filenya,setuju
"Engga, filenya engga kosong, kemarin di download abistu ada pilihan nya, tau2 di buka kosong",engga filenya engga kosong kemarin di download abistu ada pilihan nya tau2 di buka kosong,setuju
Yang penting word ny nda bermasalah lg,yang penting word ny nda bermasalah lg,setuju
【DOCUMENT / BAB III Kelompok.docx】,document bab iii kelompokdocx,setuju
Di laptop saya gamau,di laptop saya gamau,setuju
Jdi udh bisa di ambil ya? Total berapa jadinya kk?,jdi udh bisa di ambil ya total berapa jadinya kk,setuju
Boleh krim norek nya nda,boleh krim norek nya nda,setuju
Bang maaf mau tanya kemarin waktu install ulang semua file yang ada disini ada di backup nda ya?,bang maaf mau tanya kemarin waktu install ulang semua file yang ada disini ada di backup nda ya,setuju
"Alaa bang kenpa nda di bilang kemarin kalau nd bisa, ada beberapa file penting belum di pindah ke D, saya kira backup data semua bisa di pindah ke D🥲",alaa bang kenpa nda di bilang kemarin kalau nd bisa ada beberapa file penting belum di pindah ke d saya kira backup data semua bisa di pindah ke d,tanya_status
"Jurnal2 juga gaada, saya kira udh di masukin ke backup di data d",jurnal2 juga gaada saya kira udh di masukin ke backup di data d,setuju
Klw blh tau jam brp ya tutup nya,klw blh tau jam brp ya tutup nya,setuju
untuk kesalahan ny di situ saja ya kak,untuk kesalahan ny di situ saja ya kak,setuju
jadi supaya bisa masuk ke windows nya harus di install ulang ya kak,jadi supaya bisa masuk ke windows nya harus di install ulang ya kak,setuju
berarti harus di ganti keyboard ny dlu baru bisa di instal ulang kak,berarti harus di ganti keyboard ny dlu baru bisa di instal ulang kak,umum_teknis
maaf kak keyboard ny yg di bawah 550 ribu ada ndak ya kak🙏🏼,maaf kak keyboard ny yg di bawah 550 ribu ada ndak ya kak,setuju
Oke sip bg terimakasih infonya,oke sip bg terimakasih infonya,setuju
Bang laptopnya aku ambil abis ini yaaak,bang laptopnya aku ambil abis ini yaaak,setuju
Ok nanti saya ke sana dulu,ok nanti saya ke sana dulu,setuju
Hari ini tutup jam brp bg,hari ini tutup jam brp bg,umum_teknis
Ok nanti saya ke sana,ok nanti saya ke sana,setuju
Info bg kapan bisa ambil😊,info bg kapan bisa ambil,tanya_status
Iya gitu aja deh mba,iya gitu aja deh mba,setuju
"Mba, laptopnya udah selsau ngk ya?",mba laptopnya udah selsau ngk ya,setuju
Tokonya jam berapa tutup ya mba,tokonya jam berapa tutup ya mba,setuju
Tunggu dulu hujannya redah ya mba,tunggu dulu hujannya redah ya mba,setuju
"Kalau ngk sempat malam ini, besok pagi aja saya ambil",kalau ngk sempat malam ini besok pagi aja saya ambil,setuju
ok,ok,setuju
Berapa biayanya ya bang,berapa biayanya ya bang,setuju
iya bang,iya bang,setuju
okeey,okeey,setuju
"besok ya bang saya ambil, untuk harga bisa d infoin disini ga bang?",besok ya bang saya ambil untuk harga bisa d infoin disini ga bang,setuju
okeyy bang,okeyy bang,setuju
"maaf bang br lihat, kalo ganti hard disk aja gimana bang",maaf bang br lihat kalo ganti hard disk aja gimana bang,umum_teknis
"saya ambil aja dl bang hr ini, nnt kl udh deal sm papa saya br saya kesana lagi",saya ambil aja dl bang hr ini nnt kl udh deal sm papa saya br saya kesana lagi,setuju
oke sep bang,oke sep bang,setuju
kalak la bang insyaallah saye ngambek nye,kalak la bang insyaallah saye ngambek nye,setuju
Windos nya mati.klw bisa hidupkan bng,windos nya matiklw bisa hidupkan bng,setuju
Ok,ok,setuju
Berapa semuanya ongkosnya bang,berapa semuanya ongkosnya bang,setuju
Ok,ok,setuju
Ok lh bang.yg pnting aman,ok lh bangyg pnting aman,setuju
Ok,ok,setuju
1200000 tak dapat sama pengecas ya bng,1200000 tak dapat sama pengecas ya bng,setuju
"bang, kalau ganti batrai brp-an ya?",bang kalau ganti batrai brpan ya,setuju
Oke bang,oke bang,setuju
Ohh iya makasih kak,ohh iya makasih kak,setuju
okee bang,okee bang,setuju
tokonya tutup jam berapa ya?,tokonya tutup jam berapa ya,setuju
oke bang,oke bang,setuju
"jam 3 bisa kah bang,soal nya saya masih ada kuliah",jam 3 bisa kah bangsoal nya saya masih ada kuliah,setuju
Data nya ilang ga klo instal ulang?,data nya ilang ga klo instal ulang,setuju
Bentar bang nanyak mamak lok,bentar bang nanyak mamak lok,setuju
Bang kalo gak jadi saya bayar berapa?,bang kalo gak jadi saya bayar berapa,setuju
"Saya ambil ajaa besok bang, maaf ya bangg budget nya belum adaa",saya ambil ajaa besok bang maaf ya bangg budget nya belum adaa,tanya_status
Oke bg,oke bg,setuju
Okei bg,okei bg,setuju
bg bisa ndk ambil nya besok pas saya plg kuliah aja??,bg bisa ndk ambil nya besok pas saya plg kuliah aja,setuju
okeyy,okeyy,setuju
ok bntr bg,ok bntr bg,setuju
Oke bang,oke bang,setuju
Kalau bisa Senin udh bisa diambil ya bang,kalau bisa senin udh bisa diambil ya bang,setuju
Oke bang,oke bang,setuju
Sekali no rek ya bang,sekali no rek ya bang,setuju
Oke bang besok saya ambil,oke bang besok saya ambil,setuju
Bang untuk pengecas nye tu Ade endk sekalian jual penyambung nye tu,bang untuk pengecas nye tu ade endk sekalian jual penyambung nye tu,setuju
Yg kabel penyambung nye tdik tuu bang,yg kabel penyambung nye tdik tuu bang,setuju
Yang patah tuu,yang patah tuu,setuju
Oke bang,oke bang,setuju
Besok bukak jam brpe bang,besok bukak jam brpe bang,setuju
Oke bang,oke bang,setuju
"halo kak, waktunya berapa hari ya kak kira kira?",halo kak waktunya berapa hari ya kak kira kira,setuju
okeyy baik kak,okeyy baik kak,setuju
iya kak lanjut,iya kak lanjut,setuju
terus gimana ya kak?,terus gimana ya kak,setuju
ada rekomendasi tempat yg bisa nggak ya kak,ada rekomendasi tempat yg bisa nggak ya kak,setuju
berapa ya kak biaya betulin kaya gitu,berapa ya kak biaya betulin kaya gitu,setuju
mahal sekali ya kak huhu,mahal sekali ya kak huhu,setuju
kak boleh minta tolong copotkan ssd penyimpanan nggak? saya mau ambil laptop nya sekarang,kak boleh minta tolong copotkan ssd penyimpanan nggak saya mau ambil laptop nya sekarang,setuju
okey makasih kak,okey makasih kak,setuju
"tapi kayanya diambil besok deh kak, hujan lebat",tapi kayanya diambil besok deh kak hujan lebat,setuju
Maaf bg mau tanya,maaf bg mau tanya,setuju
Laptopnyaa gimna ya bg?,laptopnyaa gimna ya bg,setuju
"Maaf bang mau tanya, laptop nya gimna ya bg?",maaf bang mau tanya laptop nya gimna ya bg,setuju
Ohh okee bang?,ohh okee bang,setuju
Hallo bg maaf mau tanya laptop yg ini gimna ya? Udah selesai blm ya?,hallo bg maaf mau tanya laptop yg ini gimna ya udah selesai blm ya,tanya_status
Bang laptop saya gimna?,bang laptop saya gimna,setuju
"Kalo emng udh nggak bisa dibetulkan biar saya ambil aja, udah lama juga",kalo emng udh nggak bisa dibetulkan biar saya ambil aja udah lama juga,setuju
Okee bang,okee bang,setuju
"Okee kak, kabarin aja nnti ya bg",okee kak kabarin aja nnti ya bg,setuju
Terus itu gimna ya bang,terus itu gimna ya bang,setuju
Nggak bisa ya berarti,nggak bisa ya berarti,setuju
Ohh okee bang,ohh okee bang,setuju
Besok bararti bisa udah saya ambil bang?,besok bararti bisa udah saya ambil bang,setuju
Ohh oke bang,ohh oke bang,setuju
Bang kalo prosecor nya dibetulin nggak bisa juga ya?,bang kalo prosecor nya dibetulin nggak bisa juga ya,setuju
okey bg bntr lagi otw,okey bg bntr lagi otw,setuju
"Owalah, gitu berarti harus ganti baterai ya kak ?",owalah gitu berarti harus ganti baterai ya kak,setuju
Oke kak kalo gitu brarti masi bisa di pakai normal walau tanpa baterai ya yg penting sambil di charger👌,oke kak kalo gitu brarti masi bisa di pakai normal walau tanpa baterai ya yg penting sambil di charger,setuju
Berapa totalnya kak,berapa totalnya kak,setuju
Bang ada jual laptop harga 2 jutaan gk,bang ada jual laptop harga 2 jutaan gk,umum_teknis
"Terimakasihhhh bang, senin yang saya ambilll",terimakasihhhh bang senin yang saya ambilll,setuju
Sistemnya langsung tunai atau bisa nyicil kak,sistemnya langsung tunai atau bisa nyicil kak,setuju
"Oke kak nanti saya kabarin lagi masi mau nyari-nyari laptop secund soalnya, sama mau nabung dulu 🙏",oke kak nanti saya kabarin lagi masi mau nyarinyari laptop secund soalnya sama mau nabung dulu,setuju
Iya kah kak gimana persyaratannya,iya kah kak gimana persyaratannya,setuju
Siiip oke makasi kak,siiip oke makasi kak,setuju
oke bang,oke bang,setuju
bang kalau ganti touchpad tu brp?,bang kalau ganti touchpad tu brp,umum_teknis
bntr ye bang maaf sy tnya ibu sy dlu🙏🏻,bntr ye bang maaf sy tnya ibu sy dlu,setuju
oke bang,oke bang,setuju
nanti saya ambil,nanti saya ambil,setuju
"sbnarnya cma takut hilang file nya, tp klo bsa sklian mau perbaiki juga",sbnarnya cma takut hilang file nya tp klo bsa sklian mau perbaiki juga,setuju
"sebenarnya satu lagi kk
dilaptop itu ad satu produk yg dari awal udh dibuat disitu",sebenarnya satu lagi kk dilaptop itu ad satu produk yg dari awal udh dibuat disitu,setuju
bentar kk saya mikir bntarr,bentar kk saya mikir bntarr,setuju
"laptonya bisa diambil dulu nd kk, klo bisa nnti saya ambil tpi sudh di perbaiki blm",laptonya bisa diambil dulu nd kk klo bisa nnti saya ambil tpi sudh di perbaiki blm,setuju
agak sorean nnti ya kk,agak sorean nnti ya kk,setuju
"oke bang, tutup jam brapa",oke bang tutup jam brapa,setuju
okee,okee,setuju
Oke siap bang sore atau Maghrib saye ke sana,oke siap bang sore atau maghrib saye ke sana,setuju
"Pagi kk, maaf kk mau tanya. Ini kenapa ya laptop saya tu pas lagi buka chrome tiba-tiba biru trs ada tulisan yg intinya ""your device restart"" gitu lah kk, cuma sekitar 5 detik langsung mati😔😔",pagi kk maaf kk mau tanya ini kenapa ya laptop saya tu pas lagi buka chrome tibatiba biru trs ada tulisan yg intinya your device restart gitu lah kk cuma sekitar 5 detik langsung mati,setuju
"Mlm kk, mau nnya kk. Laptop yg td kmi antar (dell) atas nama Nauli udh selesai di cek kn kah kk?",mlm kk mau nnya kk laptop yg td kmi antar dell atas nama nauli udh selesai di cek kn kah kk,tanya_status
"Ok kk, terimakasih ya",ok kk terimakasih ya,setuju
"Oiya kk, sore nya jam berapa ya?",oiya kk sore nya jam berapa ya,setuju
Ok deh kk,ok deh kk,setuju
"Ok kk, sbntr lagi kmi ambil",ok kk sbntr lagi kmi ambil,setuju
Jadinya berapa bang ..klau nambah banyak ndk tu bang .,jadinya berapa bang klau nambah banyak ndk tu bang,setuju
Duetnya tak cukup bang .,duetnya tak cukup bang,setuju
Iya udh lh .,iya udh lh,setuju
Iya.,iya,setuju
Saya mau ambil jam 3 an tapi kira kira masih buka ga ya bang?,saya mau ambil jam 3 an tapi kira kira masih buka ga ya bang,setuju
Oh iyalah jam 3 saya ambil..,oh iyalah jam 3 saya ambil,setuju
Okey bang bentar lagi di ambil,okey bang bentar lagi di ambil,setuju
Brpa bg klau betulkn frame tuh,brpa bg klau betulkn frame tuh,umum_teknis
Ok bg,ok bg,setuju
siang sy tnya org rmh dlu y,siang sy tnya org rmh dlu y,setuju
Oke kk,oke kk,setuju
Besok saya ambil,besok saya ambil,setuju
Ok,ok,setuju
Besok saya coba kesana ya kak,besok saya coba kesana ya kak,setuju
Terimakasih yaa kk informasinyaa🙏🏻,terimakasih yaa kk informasinyaa,setuju
oke bang,oke bang,setuju
tutup jam berape tapinye bang soalnye kamek balek malam,tutup jam berape tapinye bang soalnye kamek balek malam,umum_teknis
"baik kak terimakasih infonya, mungkin malam baru bisa saya ambil",baik kak terimakasih infonya mungkin malam baru bisa saya ambil,setuju
"Waalaikumsalam, biarin jak bg,biayanya trllu besar,nnti klo turun,sy ambil",waalaikumsalam biarin jak bgbiayanya trllu besarnnti klo turunsy ambil,setuju
Waalalikumsalam.. ntar aja setelah magrib ya.. sekarang nanggung mau keluar🙏,waalalikumsalam ntar aja setelah magrib ya sekarang nanggung mau keluar,setuju
Ok pak,ok pak,setuju
Iya bang,iya bang,setuju
Oke bang nnti sore saya ambil,oke bang nnti sore saya ambil,setuju
Oke... Ditunggu info lanjutan. Setelah cek ulang. TRIms 🙏,oke ditunggu info lanjutan setelah cek ulang trims,setuju
"Selamat pagii .. update kondisi laptop Lenovo yg saya titip kemarin.? Apakah bisa diperbaiki atau ada part yg hrs ganti?

TRIms 🙏",selamat pagii update kondisi laptop lenovo yg saya titip kemarin apakah bisa diperbaiki atau ada part yg hrs ganti trims,setuju
Yg laptop part gosong. Part nya bagian apa .?,yg laptop part gosong part nya bagian apa,setuju
Utk LCD touchscreen mungkin tak apalah tak bisa diperbaiki atau diganti LCD nya,utk lcd touchscreen mungkin tak apalah tak bisa diperbaiki atau diganti lcd nya,setuju
Yang ini cari in dulu lah ya,yang ini cari in dulu lah ya,setuju
Ok.info lanjutan ditunggu. Trims,okinfo lanjutan ditunggu trims,setuju
Ok.. besok saya ambil laptop nya. TRIms 🙏,ok besok saya ambil laptop nya trims,setuju
Masih buka kan,masih buka kan,umum_teknis
Saya otw skng bg,saya otw skng bg,setuju
"Sore kak, baik terimakasih kak saya konfirmasi dulu ya kak sama orang tua kalau laptopnya sudah selesai",sore kak baik terimakasih kak saya konfirmasi dulu ya kak sama orang tua kalau laptopnya sudah selesai,tanya_status
Tutup nya sekitar jam berapa ya kak?,tutup nya sekitar jam berapa ya kak,setuju
"Oiya baik kak, nanti hari ini diambil",oiya baik kak nanti hari ini diambil,setuju
oke bang,oke bang,setuju
toko tutup jam brapa yaa,toko tutup jam brapa yaa,setuju
tadi totalnya berapa bang,tadi totalnya berapa bang,setuju
oke bang,oke bang,setuju
bang bise beso ke ngambil laptobnya,bang bise beso ke ngambil laptobnya,setuju
oke bang beso ya saya ambilnya,oke bang beso ya saya ambilnya,setuju
tungguu yaa bang saya nanya orang tua duluu,tungguu yaa bang saya nanya orang tua duluu,setuju
nanti saya konfirmasi kembali,nanti saya konfirmasi kembali,setuju
lcd aman ke bang,lcd aman ke bang,umum_teknis
700 itu udh sama lcd ke belom bang,700 itu udh sama lcd ke belom bang,umum_teknis
okee lanjutkan service nya bang kalau udah selesai konfirmasi yaa,okee lanjutkan service nya bang kalau udah selesai konfirmasi yaa,tanya_status
sipp,sipp,setuju
udah ke bang laptop nya?,udah ke bang laptop nya,setuju
info jak ye kalau udh selesai,info jak ye kalau udh selesai,tanya_status
"siang.
okei nanti saya ambil",siang okei nanti saya ambil,setuju
iyaa bang konfirmasi lagi yaa,iyaa bang konfirmasi lagi yaa,setuju
okelaa bang,okelaa bang,setuju
nanti saya ambil,nanti saya ambil,setuju
Okeyy bg besok jak ya saya ambil,okeyy bg besok jak ya saya ambil,setuju
jdi mslah ny ap bang biaya ny brpa,jdi mslah ny ap bang biaya ny brpa,setuju
okeee,okeee,setuju
Bang saya ambil hari minggu atau senin ya bang soal ny lagi ndk ada di ponti,bang saya ambil hari minggu atau senin ya bang soal ny lagi ndk ada di ponti,setuju
Bang toko ny tutup jam berapa ya bang,bang toko ny tutup jam berapa ya bang,setuju
Oke,oke,setuju
Windows 11 kan ya?,windows 11 kan ya,setuju
Mesin nya kenapa bg?,mesin nya kenapa bg,setuju
Ganti mesin atau gimana bg?,ganti mesin atau gimana bg,umum_teknis
Bg laptop nya sudah bisa kah?,bg laptop nya sudah bisa kah,setuju
Sudah selesai service kah?,sudah selesai service kah,tanya_status
Oklah bg,oklah bg,setuju
InsyaAllah besok sy ambil bg,insyaallah besok sy ambil bg,setuju
Jam brpa tutup tokonya bang,jam brpa tutup tokonya bang,setuju
Bang sya sdh jln ksna,bang sya sdh jln ksna,setuju
"Sbntr ya, sdh di ayani",sbntr ya sdh di ayani,setuju
"Baru gitu kah bg depannya, nda pakai yang patah itu lagi ya bg",baru gitu kah bg depannya nda pakai yang patah itu lagi ya bg,setuju
"Oke bg, ntr saya nanya ortu dulu ya bg",oke bg ntr saya nanya ortu dulu ya bg,setuju
Jadi kalau dengan cas ni 650 ya bg,jadi kalau dengan cas ni 650 ya bg,setuju
Oke ntr saya tanya ortu dulu ya bg,oke ntr saya tanya ortu dulu ya bg,setuju
Bg ada garansinya nda ya kalau udah ganti frame,bg ada garansinya nda ya kalau udah ganti frame,setuju
"Alhamdulillah, cepat sekali bg, saya mungkin belum ambilnya bg, nanti pas mau ambil saya kabarin",alhamdulillah cepat sekali bg saya mungkin belum ambilnya bg nanti pas mau ambil saya kabarin,tanya_status
Saya belum ambil bg,saya belum ambil bg,tanya_status
Oke bang,oke bang,setuju
oke,oke,setuju
Ada garansi kah bg,ada garansi kah bg,umum_teknis
Tutup smpai jam berapa bg,tutup smpai jam berapa bg,umum_teknis
Pengerjaan nya,pengerjaan nya,setuju
Nnti malam atau besok bisa gak,nnti malam atau besok bisa gak,setuju
Okey bg,okey bg,setuju
"Oke"". Toko tutup jam berape ?",oke toko tutup jam berape,setuju
Git toko buka jam berape ye ?,git toko buka jam berape ye,setuju
Kalau bise cepat saye bayar lebih bg 😁🙏,kalau bise cepat saye bayar lebih bg,setuju
Oke bg. Bentar lagi saya kesana,oke bg bentar lagi saya kesana,setuju
Ok,ok,setuju
Dokumen yg di data D nya?,dokumen yg di data d nya,setuju
"Waduh ada solusi lain gk ya? 
Bahan kerjaan disitu semua",waduh ada solusi lain gk ya bahan kerjaan disitu semua,setuju
Laptop nya masih gk bisa hidup kah tanpa di instal?,laptop nya masih gk bisa hidup kah tanpa di instal,setuju
Ini solusi nya di instal?,ini solusi nya di instal,setuju
reskyka syahria,reskyka syahria,setuju
belum kah bang,belum kah bang,tanya_status
kire² sampai  jam berape lah  bg krne mo makai,kire sampai jam berape lah bg krne mo makai,umum_teknis
kira² jam 3an selesai nd bang,kira jam 3an selesai nd bang,tanya_status
"permisi bang, mau nanya",permisi bang mau nanya,setuju
besok buka ke bang,besok buka ke bang,setuju
oke besok saye kesana bang,oke besok saye kesana bang,setuju
oh berarti ndak jadi ganti baterai lah ye bang?,oh berarti ndak jadi ganti baterai lah ye bang,umum_teknis
karena memang dari laptopnya yang ndak mumpuni?,karena memang dari laptopnya yang ndak mumpuni,setuju
"oh iyalah bang, terima kasih yaa",oh iyalah bang terima kasih yaa,setuju
besok saya ambil ya bang,besok saya ambil ya bang,setuju
Apk Nya terapus semua nda bang,apk nya terapus semua nda bang,setuju
okee bang,okee bang,setuju
Mungkin malam nanti saya ambil ya sebelum jam 9,mungkin malam nanti saya ambil ya sebelum jam 9,tanya_status
Oo iya,oo iya,setuju
Nanti saya ambil,nanti saya ambil,setuju
Ok,ok,setuju
Ok,ok,setuju
malam masih buka gak,malam masih buka gak,umum_teknis
Garansi endk Bg,garansi endk bg,umum_teknis
Ok terimakasih Bg,ok terimakasih bg,setuju
Kemungkinan besok atau Senin lah Bg langsung kuliah,kemungkinan besok atau senin lah bg langsung kuliah,setuju
Ok baik Bg,ok baik bg,setuju
Oh ok lh terimakasih ya Bg,oh ok lh terimakasih ya bg,setuju
Malam ini tutup jam berapa,malam ini tutup jam berapa,umum_teknis
Besok bukak jam berapa Bg,besok bukak jam berapa bg,setuju
Klok Ade motor malam ini saya ambil Bg,klok ade motor malam ini saya ambil bg,setuju
Klok tk Ade besok lah ye Bg,klok tk ade besok lah ye bg,setuju
Selamat pagi.. Laptop saya udh di perbaiki kah,selamat pagi laptop saya udh di perbaiki kah,setuju
Baik bang.. Tutup toko jam brp ya,baik bang tutup toko jam brp ya,setuju
Baik.. Nnti saya ke sana ya,baik nnti saya ke sana ya,setuju
Iya bg udh di pindahin,iya bg udh di pindahin,setuju
Iya bg kosong local d aja yg di ambil,iya bg kosong local d aja yg di ambil,setuju
Jdi bru ku bawa ke toko abg,jdi bru ku bawa ke toko abg,setuju
Ndk ade saye buka agik setelah die pegangnye,ndk ade saye buka agik setelah die pegangnye,umum_teknis
Okee,okee,setuju
Bsok bsa ambil ya?,bsok bsa ambil ya,setuju
Oke bg,oke bg,setuju
Oke bg sudah bsa,oke bg sudah bsa,setuju
Besok buka bg ??,besok buka bg,setuju
okee kk entar saya ambil,okee kk entar saya ambil,setuju
Assalamualaikum Toko buka ke bos?,assalamualaikum toko buka ke bos,setuju
ayamayam,ayamayam,setuju
OOO iyalah boleh di instal ulang aja,ooo iyalah boleh di instal ulang aja,setuju
Bisa nda DVD nya tu,bisa nda dvd nya tu,setuju
Oke bang,oke bang,setuju
Gimana kondisi nya,gimana kondisi nya,setuju
Iya,iya,setuju
Siang buka kah,siang buka kah,umum_teknis
Okeei,okeei,setuju
Mau nanya,mau nanya,setuju
Kalo SSD berapa ya bang? Dan misal diganti SSD nya apakah ga lemot lagi?,kalo ssd berapa ya bang dan misal diganti ssd nya apakah ga lemot lagi,setuju
Soalnya masih lemot skrg,soalnya masih lemot skrg,setuju
Laptopnya,laptopnya,setuju
Laptop waktu itu bang yg downgrade ke windows 8 sama ganti keyboard,laptop waktu itu bang yg downgrade ke windows 8 sama ganti keyboard,umum_teknis
SSD tu supaya nda ngeleg kah,ssd tu supaya nda ngeleg kah,setuju
Oh oke boleh bg,oh oke boleh bg,setuju
Ok,ok,setuju
Ok malam mngkn sy ksna ambil,ok malam mngkn sy ksna ambil,setuju
Okee aman,okee aman,setuju
"Ok 
Pembayaran bisa menggunakan qris/TF?",ok pembayaran bisa menggunakan qristf,setuju
Mati lg laptopnya ni bang,mati lg laptopnya ni bang,setuju
"Tutup jam brp ?
Hujan soalnya",tutup jam brp hujan soalnya,setuju
Buka jam brp ?,buka jam brp,umum_teknis
Bisa d kerjakan mlm ini lngsung kalo ad teknisinya ?,bisa d kerjakan mlm ini lngsung kalo ad teknisinya,setuju
"Ok
Bntar",ok bntar,setuju
Ok,ok,setuju
Jd udh ndk bs d selamat kan lg laptopnya bng?,jd udh ndk bs d selamat kan lg laptopnya bng,setuju
"Yg abg blg kmren kalau lptop sy bnyak karatanny, gmn tu bng ?
Aman k kalo udh ganti mesinnya?",yg abg blg kmren kalau lptop sy bnyak karatanny gmn tu bng aman k kalo udh ganti mesinnya,setuju
"Okedeh
Besok sy antar lptopny bng",okedeh besok sy antar lptopny bng,setuju
Ok,ok,setuju
kak udaa buka belum?,kak udaa buka belum,tanya_status
oala oke kak besok saya antar laptop ya,oala oke kak besok saya antar laptop ya,setuju
"ini saya yang kemarin malam datang yang masalah kursor delay, emng kalau habis di update untuk tingkat kecerahan layar hilang ya kak",ini saya yang kemarin malam datang yang masalah kursor delay emng kalau habis di update untuk tingkat kecerahan layar hilang ya kak,setuju
mode malam nya juga gabisa di aktifin,mode malam nya juga gabisa di aktifin,setuju
saya di supadio soalnya,saya di supadio soalnya,setuju
Min laptop nya atas nama Suwardana udah jadi kah min,min laptop nya atas nama suwardana udah jadi kah min,setuju
Perkiraan kapan min,perkiraan kapan min,tanya_status
Okee min,okee min,setuju
okee bang,okee bang,setuju
"oke bang, nda ad masalah lain kan?",oke bang nda ad masalah lain kan,setuju
sama harganya berapa bang?,sama harganya berapa bang,setuju
"okay bang kalo begitu, ty",okay bang kalo begitu ty,setuju
tutup jam berape bang?,tutup jam berape bang,umum_teknis
okay,okay,setuju
"Wa'alaikumussalam, oke bang",waalaikumussalam oke bang,setuju
Oke bg saya lagi ga bisa ambil simpan kan dulu gapapa?,oke bg saya lagi ga bisa ambil simpan kan dulu gapapa,setuju
Oke bg terima kasih ya,oke bg terima kasih ya,setuju
Bg toko buka jam berapa?,bg toko buka jam berapa,setuju
Oke bg,oke bg,setuju
Udh ya bg,udh ya bg,setuju
"oke bg, bentar ya",oke bg bentar ya,setuju
iya kak,iya kak,setuju
ntr kalau mau ambil saya kabarin ya kak,ntr kalau mau ambil saya kabarin ya kak,setuju
"waalaikumsalam, okee bang nanti saya ambil yaa",waalaikumsalam okee bang nanti saya ambil yaa,setuju
"Iya lah bang, nanti saya kesana 
Malam abng buka kah?",iya lah bang nanti saya kesana malam abng buka kah,setuju
Jadi untuk perbaikannya apa2 saja ya Bg?,jadi untuk perbaikannya apa2 saja ya bg,setuju
Owh ok Bang,owh ok bang,setuju
Nanti infokan saja,nanti infokan saja,setuju
"Iya bang, asal datanya masih aman",iya bang asal datanya masih aman,setuju
Owh ok Bang,owh ok bang,setuju
"Bang, untuk leptop nya bagaimana yaa?",bang untuk leptop nya bagaimana yaa,setuju
"Soalnya dia klo buka file, atau mau ngetik di word suka loading lama bisa terbuka filenya",soalnya dia klo buka file atau mau ngetik di word suka loading lama bisa terbuka filenya,setuju
Owh maksudnya itu penyebab suka loading ya Bg?,owh maksudnya itu penyebab suka loading ya bg,setuju
"Klo misalnya diperbaiki, budget nya sekitar berapa ya Bg",klo misalnya diperbaiki budget nya sekitar berapa ya bg,setuju
"Untuk perbaikannya, touchpad ya Bg?? Atau ada yg perlu diperbaiki lagi?",untuk perbaikannya touchpad ya bg atau ada yg perlu diperbaiki lagi,setuju
"Untuk LCD nya, ngaruh ngak Bang, klo mau pake laptopnya?",untuk lcd nya ngaruh ngak bang klo mau pake laptopnya,setuju
"Misalnya LCD diperbaiki/ganti, biayanya berapa Bang",misalnya lcd diperbaikiganti biayanya berapa bang,setuju
"Klo untuk cas kadang masuk kadang enggak itu gimana Bang, dr Laptopnya atau casannya yg rusak?",klo untuk cas kadang masuk kadang enggak itu gimana bang dr laptopnya atau casannya yg rusak,setuju
Owh ok. Klo casannya ada jual juga kah Bang? Dan harganya berapaan?,owh ok klo casannya ada jual juga kah bang dan harganya berapaan,setuju
Bang saya ganti touchpad dg beli casannya saja .. Bearti totalnya semuanya 450.000  sama perbaikannya? Atau berapa Bang?,bang saya ganti touchpad dg beli casannya saja bearti totalnya semuanya 450000 sama perbaikannya atau berapa bang,setuju
Owh ok.. Ganti itu saja Bang,owh ok ganti itu saja bang,setuju
"Ok Bang. klo sudah selesai diperbaiki, infokan saja ya Bang",ok bang klo sudah selesai diperbaiki infokan saja ya bang,tanya_status
Owh sipp bg,owh sipp bg,setuju
Ok bg,ok bg,setuju
Ok sipp,ok sipp,setuju
"Ok Bang, sekitar sore atau habis magrib ngambilnya",ok bang sekitar sore atau habis magrib ngambilnya,setuju
"Klo ganti gimana bg, bayar lg atau gimana",klo ganti gimana bg bayar lg atau gimana,setuju
Ok bg,ok bg,setuju
"Mungkin blm  bisa hari ini Sy kesana bg, soalnya masih di kampung",mungkin blm bisa hari ini sy kesana bg soalnya masih di kampung,setuju
Untk leptop Advan cuma itu aja ke bg perbaikannya?,untk leptop advan cuma itu aja ke bg perbaikannya,setuju
Ok bg. Boleh,ok bg boleh,setuju
Leptop yg satunya gimana bg,leptop yg satunya gimana bg,setuju
Ok,ok,setuju
Iya Bg. Jadi perbaikannya gimana bg?,iya bg jadi perbaikannya gimana bg,setuju
Itu aja kah bg perbaikannya?,itu aja kah bg perbaikannya,setuju
Boleh bg. Nanti klo sudah selesai infokn saja,boleh bg nanti klo sudah selesai infokn saja,tanya_status
Owh Iya Bg,owh iya bg,setuju
Habis Isya masih buka ndak Bg?,habis isya masih buka ndak bg,setuju
Ok,ok,setuju
Tapi itu masih bisa di paki ya bg,tapi itu masih bisa di paki ya bg,setuju
Itu punya keluarga mau di buang Sya ambil dikira rusak kalau untuk kuliah masih bisa bang,itu punya keluarga mau di buang sya ambil dikira rusak kalau untuk kuliah masih bisa bang,setuju
Ok,ok,setuju
Ok siap makasih bg,ok siap makasih bg,setuju
"Waduh saya lagi diluar ni bang, tokonya buka sampai jam berapa bang?",waduh saya lagi diluar ni bang tokonya buka sampai jam berapa bang,setuju
Ok sip,ok sip,setuju
Ok boleh bang,ok boleh bang,setuju
Ok bentar lagi saye kesana,ok bentar lagi saye kesana,setuju
Ok bg,ok bg,setuju
Yang kipas aman bg,yang kipas aman bg,setuju
Tapi masih ok buat dipakai y bg,tapi masih ok buat dipakai y bg,setuju
Baterainya gak bisa dicas,baterainya gak bisa dicas,setuju
Apa ya kira2 kendalanya bg,apa ya kira2 kendalanya bg,setuju
ok bg,ok bg,setuju
besok yaa bang,besok yaa bang,setuju
layarnya aman kn bang,layarnya aman kn bang,setuju
"omagat makasih banyak bang, anak ku",omagat makasih banyak bang anak ku,setuju
kapan itu kira-kira bisa diambil bg,kapan itu kirakira bisa diambil bg,tanya_status
okey bang,okey bang,setuju
"oke bang, buka sampe jam berapa bg",oke bang buka sampe jam berapa bg,setuju
besok ye bang sya ambil,besok ye bang sya ambil,setuju
bang pembayaran nya bisa tf ga,bang pembayaran nya bisa tf ga,setuju
jadi besok saya tinggal ambil aja,jadi besok saya tinggal ambil aja,setuju
bagi no rek nya bang,bagi no rek nya bang,setuju
nanti sore saya ambil laptop nya,nanti sore saya ambil laptop nya,setuju
tekan ape ya,tekan ape ya,setuju
pengaturan app nya yang mana bang,pengaturan app nya yang mana bang,setuju
okey bang makasih banyak🙏🏻,okey bang makasih banyak,setuju
"kan kemarin abg bilang buat bagi penyimpanan nya juga ke data D, tapi data D juga ada disitu ngaruh gak kira2 ke penyimpanan local disk C nya?",kan kemarin abg bilang buat bagi penyimpanan nya juga ke data d tapi data d juga ada disitu ngaruh gak kira2 ke penyimpanan local disk c nya,setuju
okey makasih banyak bang🙏🏻🧎‍♀️,okey makasih banyak bang,setuju
bang kok laptop saya gamau nyala lagi ya,bang kok laptop saya gamau nyala lagi ya,setuju
okey habis magrib sya ke kesana ya🙏🏻,okey habis magrib sya ke kesana ya,setuju
bang laptop saya belum kah,bang laptop saya belum kah,tanya_status
sya ada deadline tugas besok😞,sya ada deadline tugas besok,setuju
itu ambil ke toko langsung ke bg,itu ambil ke toko langsung ke bg,setuju
okey habis magrib sya kesana ya makasih banyak bg🙏🏻,okey habis magrib sya kesana ya makasih banyak bg,setuju
okelah bang makasih banyak🙏🏻,okelah bang makasih banyak,setuju
nyala cepat kan,nyala cepat kan,setuju
okey nanti saya kesana,okey nanti saya kesana,setuju
jam berapa toko tutup,jam berapa toko tutup,setuju
okey jam 7an sya kesana,okey jam 7an sya kesana,setuju
bang sya ambil nya nunggu hujan reda aja klo ga besok ya,bang sya ambil nya nunggu hujan reda aja klo ga besok ya,setuju
Ohh gitu ya bangg,ohh gitu ya bangg,setuju
Ohh ok bang mksehh infonyee🙏🙏,ohh ok bang mksehh infonyee,setuju
Oke bang,oke bang,setuju
"Sore bang, saya jadi pesan baterai utk laptop Advan saya bang",sore bang saya jadi pesan baterai utk laptop advan saya bang,setuju
Okee bang,okee bang,setuju
"Oke siap bang, makasih bang",oke siap bang makasih bang,setuju
"Okee bang, aman, makasih bang",okee bang aman makasih bang,setuju
Ndk bisa 300 kh ndk ush garansi soalnya sbntar lg sya plg ke sintang,ndk bisa 300 kh ndk ush garansi soalnya sbntar lg sya plg ke sintang,setuju
Nnti klu pas kponakan sya kluar sya sruh ambil,nnti klu pas kponakan sya kluar sya sruh ambil,setuju
"Lupa nanya kmrn, klu ganti speaker laptop yg kmrn brp.",lupa nanya kmrn klu ganti speaker laptop yg kmrn brp,setuju
"Bisa servis kh, pecah suaranya.",bisa servis kh pecah suaranya,setuju
"Owh iya bang boleh
Mau nnyk bang apa ad garansi nya?",owh iya bang boleh mau nnyk bang apa ad garansi nya,setuju
Owh iya bang,owh iya bang,setuju
Iya bang jdi,iya bang jdi,setuju
Okeee,okeee,setuju
Iya baik bang,iya baik bang,setuju
Gitu ya bang jadi bang lep top nya ndk bisa di betul kan??,gitu ya bang jadi bang lep top nya ndk bisa di betul kan,setuju
"Owh oke bang 
Kemungkinan bsk saya ambil lep top nya",owh oke bang kemungkinan bsk saya ambil lep top nya,setuju
"Iya baik bang 
Mksih",iya baik bang mksih,setuju
Besok siang saya ke toko lgi bg soal ny seklian ke kampus,besok siang saya ke toko lgi bg soal ny seklian ke kampus,setuju
Jdi file ny bakalan hilang ya bg atau gmn,jdi file ny bakalan hilang ya bg atau gmn,setuju
Klo ssd yg bermasalah itu mau di ganti ap gmn bg,klo ssd yg bermasalah itu mau di ganti ap gmn bg,umum_teknis
"Yaudh bg saya jg ngejar mo pulkam jdi laptop ny saya bawa dlu ya bg untuk biaya cek ny brp kira"" bg",yaudh bg saya jg ngejar mo pulkam jdi laptop ny saya bawa dlu ya bg untuk biaya cek ny brp kira bg,setuju
Oke bg nanti laptop ny saya ambil ke toko,oke bg nanti laptop ny saya ambil ke toko,setuju
"Oke bang, nanti saya ambil ya",oke bang nanti saya ambil ya,setuju
Bang udah di bayar abang saya ya,bang udah di bayar abang saya ya,setuju
Agak sorean ya bang saya ambilnya,agak sorean ya bang saya ambilnya,setuju
Oke,oke,setuju
"Bang, saya mau upgrade Wi-Fi card laptop ASUS TUF FX505DD ke Intel Wi-Fi 6 AX200
Mau ganti Qualcomm Atheros QCA9377 ke Intel AX200 NGW M.2 2230.",bang saya mau upgrade wifi card laptop asus tuf fx505dd ke intel wifi 6 ax200 mau ganti qualcomm atheros qca9377 ke intel ax200 ngw m2 2230,setuju
kena brp bg biaya ny,kena brp bg biaya ny,setuju
sama bersihin kipas dn ganti thermal paste,sama bersihin kipas dn ganti thermal paste,umum_teknis
oke bang,oke bang,setuju
bsk ijin sy wa ulang ya bg,bsk ijin sy wa ulang ya bg,setuju
gimana bg? udh ada jawaban kh dri teknisi nya,gimana bg udh ada jawaban kh dri teknisi nya,setuju
ganti thermal paste dn bersihin kipas brp bg,ganti thermal paste dn bersihin kipas brp bg,umum_teknis
oke bg,oke bg,setuju
Pengecas nya aman kah bg?,pengecas nya aman kah bg,setuju
"Boleh bg, ganti aja bg",boleh bg ganti aja bg,umum_teknis
Oke bg,oke bg,setuju
"Wa'alaikum salam wr.wb
Okee bg. Saya infokan kalau mau ambil bg",waalaikum salam wrwb okee bg saya infokan kalau mau ambil bg,setuju
"Okee, aman ya bg. Batrai aja berarti",okee aman ya bg batrai aja berarti,setuju
ohh oke bang untuk harga berapa ya bang,ohh oke bang untuk harga berapa ya bang,setuju
ok bang nnti malam bisa saya ambil ga sekitar jam setengah 9,ok bang nnti malam bisa saya ambil ga sekitar jam setengah 9,setuju
untuk pembayaran bisa pakai tf ga bang,untuk pembayaran bisa pakai tf ga bang,setuju
ok bang,ok bang,setuju
Oke,oke,setuju
Iyaaa bang nantik saya ambil ya,iyaaa bang nantik saya ambil ya,setuju
Besok Jak bah boleh dk saye ambilnya,besok jak bah boleh dk saye ambilnya,setuju
"Selamat pagi, baik bang terima kasih, apakah laptopnya sudah bisa diambil hari ini?",selamat pagi baik bang terima kasih apakah laptopnya sudah bisa diambil hari ini,setuju
"Oke bang, terima kasih",oke bang terima kasih,setuju
"Malam bang, apakah laptopnya sudah selesai dikerjakan dan dapat diambil?",malam bang apakah laptopnya sudah selesai dikerjakan dan dapat diambil,tanya_status
"Malam bang, tadi lupa nanya.. untuk selanjutnya agar baterainya tahan lama dan nda rusak lagi gimana ya pemeliharannya?",malam bang tadi lupa nanya untuk selanjutnya agar baterainya tahan lama dan nda rusak lagi gimana ya pemeliharannya,setuju
"Oalaa, berarti jangan biarkan cas bermalam gitu ya",oalaa berarti jangan biarkan cas bermalam gitu ya,setuju
"Ohh oke bang, terima kasih!",ohh oke bang terima kasih,setuju
"Pagi bang, ini kenapa laptopnya aneh ya? Setiap saya mau ngetik, malah nda bisa",pagi bang ini kenapa laptopnya aneh ya setiap saya mau ngetik malah nda bisa,setuju
Laptopnya baru saya coba pakai pagi ini,laptopnya baru saya coba pakai pagi ini,setuju
Sepertinya semua bang,sepertinya semua bang,setuju
"Dia tu kek nda sesuai gitu, kita pencet apa munculnya apa, misal saya pencet huruf o dia langsung arahkan ke folder, trus pencet huruf lain, langsung new tab, pencet huruf lain lagi malah ke profil google, kek aneh gitu",dia tu kek nda sesuai gitu kita pencet apa munculnya apa misal saya pencet huruf o dia langsung arahkan ke folder trus pencet huruf lain langsung new tab pencet huruf lain lagi malah ke profil google kek aneh gitu,setuju
Kenapa bisa begitu ya bang? Sebelumnya masi normal,kenapa bisa begitu ya bang sebelumnya masi normal,tanya_status
"Iya bang, untuk sekarang emang baterai nya aman, keyboard nya ja ni, kemarin pun nda ada cek2 lain kan ya selain baterai",iya bang untuk sekarang emang baterai nya aman keyboard nya ja ni kemarin pun nda ada cek2 lain kan ya selain baterai,setuju
"Nah itu, saya pun bingung bang kenapa malah keyboard nya jadi bermasalah, padahal sebelumnya nda pernah ada masalah",nah itu saya pun bingung bang kenapa malah keyboard nya jadi bermasalah padahal sebelumnya nda pernah ada masalah,tanya_status
"Oke bang, siang ini saya bawa ke toko",oke bang siang ini saya bawa ke toko,setuju
Kok bse ganti ganti agi bng,kok bse ganti ganti agi bng,setuju
Ok bng,ok bng,setuju
Bsokla antar laptop ny bng blm sempat,bsokla antar laptop ny bng blm sempat,setuju
Ok sip,ok sip,setuju
"oke bang, nanti saya ambil sore",oke bang nanti saya ambil sore,setuju
"siap bang,nanti saya kesana,bisa transfer ga ya?",siap bangnanti saya kesanabisa transfer ga ya,setuju
"Besok saja bisa tidak bang, saya lagi ada urusan, jadi tidak bisa malam ini mengambilnya",besok saja bisa tidak bang saya lagi ada urusan jadi tidak bisa malam ini mengambilnya,setuju
Okee,okee,setuju
Ok otw,ok otw,setuju
Ao nanti sore saya ambil,ao nanti sore saya ambil,setuju
kak udh bisa diambil blm laptopnya???,kak udh bisa diambil blm laptopnya,setuju
oke,oke,setuju
"Baik Pak, akan saya ambil ya",baik pak akan saya ambil ya,setuju
Oke bang,oke bang,setuju
okee bang,okee bang,setuju
okee bang,okee bang,setuju
bsok buka ke bang ?,bsok buka ke bang,setuju
diambil bsok ya bang,diambil bsok ya bang,setuju
MLM saya ambil ya,mlm saya ambil ya,setuju
Iya bg,iya bg,setuju
"Okee bang, bentar lg ambil",okee bang bentar lg ambil,setuju
Gmna cra nya bg biar dia bsa wifi,gmna cra nya bg biar dia bsa wifi,setuju
"Oke bg terimakasih
Nnti saya ambl laptop nya",oke bg terimakasih nnti saya ambl laptop nya,setuju
Jam brapa tutup,jam brapa tutup,umum_teknis
Ok,ok,setuju
Ok... Masih,ok masih,setuju
okey bang,okey bang,setuju
malam ya,malam ya,setuju
"assalamualaikum kak, laptop saya lenovo ada-v14, 5 hari lalu ketumpahan air disekitar keyboard esc, 1, 2 3 sampai tombol power. hari ini muncul garis garis di bawah, kira kira ini ganti lcd berapa ya kak?",assalamualaikum kak laptop saya lenovo adav14 5 hari lalu ketumpahan air disekitar keyboard esc 1 2 3 sampai tombol power hari ini muncul garis garis di bawah kira kira ini ganti lcd berapa ya kak,setuju
"keyboard aman sih kak, masih work semua
itu lcdnya IPS atau bukan kak?",keyboard aman sih kak masih work semua itu lcdnya ips atau bukan kak,setuju
Oke bang,oke bang,setuju
Hari minggu buka ga tempat nya?,hari minggu buka ga tempat nya,setuju
Oke,oke,setuju
Bayarnya bisa qris ga?,bayarnya bisa qris ga,setuju
"Okee,sebentr lagi saya ambil ya",okeesebentr lagi saya ambil ya,setuju
"Bg balek sye dri mall jk ye sye ambek nye,mau buat tugas lain dlu soal nya",bg balek sye dri mall jk ye sye ambek nyemau buat tugas lain dlu soal nya,setuju
"Waalaikumsalam Balik dari kuliah bisa kah saya ambil ,di jam 12 atau 1an gitu lah",waalaikumsalam balik dari kuliah bisa kah saya ambil di jam 12 atau 1an gitu lah,setuju
Ok,ok,setuju
baik bg nnti saya ambil,baik bg nnti saya ambil,setuju
